-- phpMyAdmin SQL Dump
-- version 4.6.4
-- https://www.phpmyadmin.net/
--
-- Servidor: 127.0.0.1
-- Tiempo de generación: 05-12-2017 a las 02:58:28
-- Versión del servidor: 5.7.14
-- Versión de PHP: 5.6.25

SET SQL_MODE = "NO_AUTO_VALUE_ON_ZERO";
SET time_zone = "+00:00";


/*!40101 SET @OLD_CHARACTER_SET_CLIENT=@@CHARACTER_SET_CLIENT */;
/*!40101 SET @OLD_CHARACTER_SET_RESULTS=@@CHARACTER_SET_RESULTS */;
/*!40101 SET @OLD_COLLATION_CONNECTION=@@COLLATION_CONNECTION */;
/*!40101 SET NAMES utf8mb4 */;

--
-- Base de datos: `ifd_db`
--

-- --------------------------------------------------------

--
-- Estructura de tabla para la tabla `acta`
--

CREATE TABLE `acta` (
  `id` int(11) NOT NULL,
  `nro_permiso` varchar(45) COLLATE utf8_spanish_ci DEFAULT NULL,
  `libro` int(11) DEFAULT NULL,
  `folio` int(11) DEFAULT NULL,
  `nota` decimal(6,2) DEFAULT NULL,
  `asistencia` bit(1) DEFAULT NULL,
  `condicion_id` int(11) NOT NULL,
  `alumno_id` int(11) NOT NULL,
  `materia_id` int(11) NOT NULL,
  `fecha_examen` date DEFAULT NULL,
  `resolucion` varchar(45) COLLATE utf8_spanish_ci DEFAULT NULL
) ENGINE=InnoDB DEFAULT CHARSET=utf8 COLLATE=utf8_spanish_ci;

--
-- Volcado de datos para la tabla `acta`
--

INSERT INTO `acta` (`id`, `nro_permiso`, `libro`, `folio`, `nota`, `asistencia`, `condicion_id`, `alumno_id`, `materia_id`, `fecha_examen`, `resolucion`) VALUES
(2, '1234', 1, 2, '6.00', b'1', 3, 1, 1, '2017-01-07', NULL),
(3, '5', 55, 6, '6.00', b'1', 3, 440, 4, '2017-11-14', NULL),
(4, '8', 7, 8, '7.00', b'1', 2, 440, 3, '2017-12-21', NULL),
(5, '2', 63, 8, '10.00', b'1', 1, 441, 8, '2017-11-29', NULL),
(6, NULL, 7, 8, '9.00', b'1', 2, 441, 9, '2017-12-04', NULL);

-- --------------------------------------------------------

--
-- Estructura de tabla para la tabla `alumno`
--

CREATE TABLE `alumno` (
  `id` int(11) NOT NULL,
  `tipo_doc` varchar(45) COLLATE utf8_spanish_ci NOT NULL,
  `numero` varchar(45) COLLATE utf8_spanish_ci NOT NULL,
  `cuil` varchar(45) COLLATE utf8_spanish_ci DEFAULT NULL,
  `apellido` varchar(450) COLLATE utf8_spanish_ci NOT NULL,
  `nombre` varchar(450) COLLATE utf8_spanish_ci NOT NULL,
  `sexo` varchar(45) COLLATE utf8_spanish_ci DEFAULT NULL,
  `estado_civil` varchar(45) COLLATE utf8_spanish_ci DEFAULT NULL,
  `nacionalidad` varchar(45) COLLATE utf8_spanish_ci DEFAULT NULL,
  `fecha_nacimiento` date DEFAULT NULL,
  `lugar_nacimiento_id` int(11) DEFAULT NULL,
  `domicilio` varchar(450) COLLATE utf8_spanish_ci DEFAULT NULL,
  `nro` varchar(45) COLLATE utf8_spanish_ci DEFAULT NULL,
  `localidad_id` int(11) DEFAULT NULL,
  `telefono` varchar(45) COLLATE utf8_spanish_ci DEFAULT NULL,
  `celular` varchar(45) COLLATE utf8_spanish_ci DEFAULT NULL,
  `email` varchar(450) COLLATE utf8_spanish_ci DEFAULT NULL,
  `fecha_baja` date DEFAULT NULL,
  `user_id` int(11) DEFAULT NULL,
  `titulo_secundario_id` int(11) DEFAULT NULL,
  `colegio_secundario_id` int(11) DEFAULT NULL
) ENGINE=InnoDB DEFAULT CHARSET=utf8 COLLATE=utf8_spanish_ci;

--
-- Volcado de datos para la tabla `alumno`
--

INSERT INTO `alumno` (`id`, `tipo_doc`, `numero`, `cuil`, `apellido`, `nombre`, `sexo`, `estado_civil`, `nacionalidad`, `fecha_nacimiento`, `lugar_nacimiento_id`, `domicilio`, `nro`, `localidad_id`, `telefono`, `celular`, `email`, `fecha_baja`, `user_id`, `titulo_secundario_id`, `colegio_secundario_id`) VALUES
(1, 'dni', '40177491', '27-8', 'ABAN', 'GEORGINA AGUSTINA', 'F', '', 'ARGENTINA', '1997-08-23', NULL, 'RIO NEGRO 140 B° BELGRANO', '', NULL, '4913675', '154078938', 'email@email.com', NULL, 10, 1, 1),
(2, 'dni', '40153127', '20-1', 'ALBORNOZ', 'JORGE ANTONIO', 'M', NULL, 'ARGENTINA', '1997-01-09', NULL, 'ESCOLASTICO ZEGADA 262 B° EL PROGRESO -PERICO', NULL, NULL, '4911654', '154423835', NULL, NULL, NULL, NULL, NULL),
(3, 'dni', '41042607', '20-3', 'ARMELLA', 'MANUEL MAXIMILIANO', 'M', NULL, 'ARGENTINA', '1998-03-16', NULL, 'AM. BELGRANO 942 B° 23 DE AGOSTO - PALPALA', NULL, NULL, '4051272', '-', NULL, NULL, NULL, NULL, NULL),
(4, 'dni', '38472319', '20-6', 'BALZ', 'ALEX FERNANDO', 'M', NULL, 'ARGENTINA', '1995-07-11', NULL, 'ARAOZ 309 B° SAN NICOLAS - PERICO', NULL, NULL, '-', '-', NULL, NULL, NULL, NULL, NULL),
(5, 'dni', '39929476', '27-8', 'BAÑOS BENICIO', 'GISELA LUCIA', 'F', NULL, 'ARGENTINA', '1998-04-06', NULL, 'MINA LOS ADOBES 1195 B° STA. BARBARA "B" - PALPALA', NULL, NULL, '4271511', '154663264', NULL, NULL, NULL, NULL, NULL),
(6, 'dni', '17104237', '27-8', 'BARRIONUEMO', 'MIRGINIA DE LOS ANGELES', 'F', NULL, 'ARGENTINA', '1964-10-21', NULL, 'SAN MARTIN ESQ. LERMA 198 B° CENTRO - CAMPO SANTO - SALTA', NULL, NULL, '4903613', '155141899', NULL, NULL, NULL, NULL, NULL),
(7, 'dni', '40639784', '27-5', 'BEJARANO', 'ROCIO CAROLINA', 'F', NULL, 'ARGENTINA', '1997-09-26', NULL, 'PJE. TUMUZLA 961 B° JARDIN - PERICO', NULL, NULL, '4915185', '154434498', NULL, NULL, NULL, NULL, NULL),
(8, 'dni', '40177527', '27-2', 'BROST', 'JOSEFINA ALEJANDRA', 'F', NULL, 'ARGENTINA', '1997-09-03', NULL, 'MISIONES 57 B° SAN MIGUEL', NULL, NULL, '4918888', '154415476', NULL, NULL, NULL, NULL, NULL),
(9, 'dni', '40152801', '27-1', 'CALA', 'ELIANA KEILA ARACELI', 'F', NULL, 'ARGENTINA', '1997-02-16', NULL, 'M.13 L.2 B° 9 DE JULIO CAMPO MERDE - S.S.DE JUJUY', NULL, NULL, '4263804', '154757079', NULL, NULL, NULL, NULL, NULL),
(10, 'dni', '40176084', '23-9', 'CANCHI', 'JUAN FERNANDO', 'M', NULL, 'ARGENTINA', '1997-04-03', NULL, 'NEUQUEN 852 B° LA MIRGINIA - MONTERRICO', NULL, NULL, '4944720', '154383737', NULL, NULL, NULL, NULL, NULL),
(11, 'dni', '33256791', '27-3', 'CAZON', 'SILMIA SOLEDAD', 'F', NULL, 'ARGENTINA', '1987-11-16', NULL, 'LOTEO LAZARO PRADO S/N - AGUAS CALIENTES', NULL, NULL, '-', '155793599', NULL, NULL, NULL, NULL, NULL),
(12, 'dni', '38507584', '27-2', 'CHURQUINA', 'JESICA BELEN', 'F', NULL, 'ARGENTINA', '1995-01-09', NULL, 'MZA.10 L. 52 B° MIMIENDA - PAMPA BLANCA', NULL, NULL, '4994050', '154441242', NULL, NULL, NULL, NULL, NULL),
(13, 'dni', '40523110', '27-2', 'CONDORI', 'DANIELA ABIGAIL', 'F', NULL, 'ARGENTINA', '1996-06-12', NULL, 'M.6 C°2 S/N B° SAN ANTONIO', NULL, NULL, '-', '155048811', NULL, NULL, NULL, NULL, NULL),
(14, 'dni', '40153260', '27-4', 'CONDORI', 'LINDA ESTEFANI', 'F', NULL, 'ARGENTINA', '1997-02-16', NULL, 'MENEZUELA 111 B° LA PAZ', NULL, NULL, '-', '155885127', NULL, NULL, NULL, NULL, NULL),
(15, 'dni', '37305230', '27-8', 'CRUZ', 'JIMENA ROXANA', 'F', NULL, 'ARGENTINA', '1992-09-02', NULL, 'EL CADILLAL B° LAS PAMITA', NULL, NULL, '-', '154374600', NULL, NULL, NULL, NULL, NULL),
(16, 'dni', '40153008', '20-8', 'DIAS MOYANO', 'MIGUEL ANGEL', 'M', NULL, 'ARGENTINA', '1996-11-13', NULL, 'RIO CHICO XIBI XIBI B° MALMINA ARGENTINA - LAS PAMPITAS', NULL, NULL, '-', '154300467', NULL, NULL, NULL, NULL, NULL),
(17, 'dni', '37920674', '27-9', 'FERNANDEZ', 'ANALIA FLORENCIA', 'F', NULL, 'ARGENTINA', '1994-03-02', NULL, 'PARAGUAY 372 B° PROGRESO - PERICO', NULL, NULL, '4916050', '156123949', NULL, NULL, NULL, NULL, NULL),
(18, 'dni', '40659011', '27-4', 'FIGUEROA', 'LISETH MARISEL', 'F', NULL, 'ARGENTINA', '1997-08-21', NULL, 'LOTEO LOPEZ S/N - AGUAS CALIENTES', NULL, NULL, '-', '154457636', NULL, NULL, NULL, NULL, NULL),
(19, 'dni', '41401751', '27-2', 'FLORES', 'ANGELES RUTH AGUSTINA', 'F', NULL, 'ARGENTINA', '1998-06-18', NULL, 'LAPRIDA 898 B° 25 DE MAYO', NULL, NULL, '4051675', '154973290', NULL, NULL, NULL, NULL, NULL),
(20, 'dni', '37632670', '27-0', 'FUENTES', 'MICAELA BELEN', 'F', NULL, 'ARGENTINA', '1993-08-11', NULL, 'LOS NOGALES 201 B° SANTO DOMINGO - PERICO', NULL, NULL, '4913601', '', NULL, NULL, NULL, NULL, NULL),
(21, 'dni', '26278065', '27-7', 'GARCIA', 'ANA ESTER', 'F', NULL, 'ARGENTINA', '1977-12-01', NULL, 'AM. JOSE HERNANDEZ M.5 L.1 B°80 MIM. - PERICO', NULL, NULL, '4913869', '-', NULL, NULL, NULL, NULL, NULL),
(22, 'dni', '40638073', '23-4', 'GIRON', 'MARIANA AGUSTINA', 'F', NULL, 'ARGENTINA', '1998-03-12', NULL, 'PJE. PUESTO DEL MARQUEZ 828 B° JARDIN - PERICO', NULL, NULL, '4912746', '154861569', NULL, NULL, NULL, NULL, NULL),
(23, 'dni', '37104718', '27-8', 'JURADO', 'ESTELA JUDITH', 'F', NULL, 'ARGENTINA', '1992-03-29', NULL, 'SILMINA BURLICH M.135 L.21 B°4 DE OCTUBRE', NULL, NULL, '-', '154863339', NULL, NULL, NULL, NULL, NULL),
(24, 'dni', '40440822', '23-4', 'LANCE', 'IMONE ANTONELA PAMELA', 'F', NULL, 'ARGENTINA', '1997-06-26', NULL, 'PUMAHUASI 665 B° SAN JOSE - PALPALA', NULL, NULL, '4270229', '154497906', NULL, NULL, NULL, NULL, NULL),
(25, 'dni', '37958996', '20-1', 'LLANOS', 'FARID LUCIO SILMESTRE', 'F', NULL, 'ARGENTINA', '1997-03-03', NULL, 'LOS ALISOS ESQ. LOS CEDRO 301 B° SAN DOMINGO', NULL, NULL, '-', '154423475', NULL, NULL, NULL, NULL, NULL),
(26, 'dni', '36225819', '20-8', 'MAMANI', 'HERNAN IGNACIO', 'M', NULL, 'ARGENTINA', '1994-08-10', NULL, 'FALCOMIERM395 B° ALTO COMEDERO - S.S.DE JUJUY', NULL, NULL, '40568558', '-', NULL, NULL, NULL, NULL, NULL),
(27, 'dni', '40566186', '27-7', 'MIRANDA', 'SELENE RUTH', 'F', NULL, 'ARGENTINA', '1998-03-03', NULL, 'M.2 LOT.14 B° NESTOR KIRCHNER - MONTERRICO', NULL, NULL, '-', '155708545', NULL, NULL, NULL, NULL, NULL),
(28, 'dni', '37104574', '27-6', 'PAREDES', 'BRENDA MICAELA', 'F', NULL, 'ARGENTINA', '1992-02-11', NULL, 'MENEZUELA ESQ. URUGUAY 295 B° LA PAZ', NULL, NULL, '-', '154123184', NULL, NULL, NULL, NULL, NULL),
(29, 'dni', '31137036', '27-2', 'PAREDES', 'CECILIA INES', 'F', NULL, 'ARGENTINA', '1984-07-02', NULL, 'FORTUNATO RAMOS 463 B° NUESTRA SRA. DE LOURDES', NULL, NULL, '-', '154132743', NULL, NULL, NULL, NULL, NULL),
(30, 'dni', '37920238', '27-7', 'PAZ', 'ISABEL MERCEDES', 'F', NULL, 'ARGENTINA', '1993-11-17', NULL, 'L.7 M.4 B° 31 DE JULIO - MONTERRICO', NULL, NULL, '-', '-', NULL, NULL, NULL, NULL, NULL),
(31, 'dni', '38792737', '20-6', 'QUISPE LASTERO', 'JUAN PABLO', 'M', NULL, 'ARGENTINA', '1996-12-06', NULL, 'AM. MEXICO 102 B° LA PAZ - EL CARMEN', NULL, NULL, '-', '154338954', NULL, NULL, NULL, NULL, NULL),
(32, 'dni', '39230117', '27-3', 'REMENTERIA', 'ROCIO AGUSTINA', 'F', NULL, 'ARGENTINA', '1996-01-26', NULL, 'GDOR. TELLO 191 DPTO.175 1°PISO B° SAN PEDRITO', NULL, NULL, '-', '155871229', NULL, NULL, NULL, NULL, NULL),
(33, 'dni', '40638038', '27-1', 'RODRIGUEZ', 'FLORENCIA MALENA', 'F', NULL, 'ARGENTINA', '1998-02-18', NULL, 'CORONEL ARIAS 859 B° 25 DE MAYO - PERICO', NULL, NULL, '4916867', '155820467', NULL, NULL, NULL, NULL, NULL),
(34, 'dni', '40710618', '27-6', 'ROJAS', 'ALBA ROCIO BELEN', 'F', NULL, 'ARGENTINA', '1997-10-14', NULL, 'PORTUGAL 18 B° NUEMO PERICO - PERICO', NULL, NULL, '-', '155864143', NULL, NULL, NULL, NULL, NULL),
(35, 'dni', '32053243', '20-5', 'SAAMEDRA', 'LUIS ALBERTO', 'M', NULL, 'ARGENTINA', '1985-05-06', NULL, 'LAS ACACIA 420 B° SANTO DOMINGO - PERICO', NULL, NULL, '4913943', '155742970', NULL, NULL, NULL, NULL, NULL),
(36, 'dni', '38745859', '27-5', 'SEJAS', 'PAMELA ELIZABETH', 'F', NULL, 'ARGENTINA', '1990-02-12', NULL, '1° DE MAYO 149 B° 23 DE AGOSTO - PALPALA', NULL, NULL, '4276672', '155863846', NULL, NULL, NULL, NULL, NULL),
(37, 'dni', '28187746', '27-7', 'SOSA', 'OLGA NOEMI', 'F', NULL, 'ARGENTINA', '1981-05-09', NULL, 'MZA. PA 21 LOTE 17 B° TUPAC', NULL, NULL, '-', '3888454700', NULL, NULL, NULL, NULL, NULL),
(38, 'dni', '36297248', '27-9', 'SOSA', 'PAOLA MELISA ESPERANZA', 'F', NULL, 'ARGENTINA', '1991-08-11', NULL, 'AM. CORDOBA 324 B° SAN MIGUEL - PERICO', NULL, NULL, '4918506', '-', NULL, NULL, NULL, NULL, NULL),
(39, 'dni', '41042148', '27-3', 'SUBELZA', 'ANTONELLA MILAGROS', 'F', NULL, 'ARGENTINA', '1998-04-12', NULL, 'JORGE CHAGRA L.1 M.4 N°115 B° SAN JOSE - PERICO', NULL, NULL, '4913922', '155160184', NULL, NULL, NULL, NULL, NULL),
(40, 'dni', '34022251', '20-3', 'TINTILAY', 'PABLO DARIO', 'M', NULL, 'ARGENTINA', '1988-08-19', NULL, 'EL PROGRESO S/N MZA. 12 LOTE 27 B° EL CHINGO', NULL, NULL, '-', '154633237', NULL, NULL, NULL, NULL, NULL),
(41, 'dni', '26947949', '27-9', 'MALERO', 'ELIZABETH ZULMA', 'F', NULL, 'ARGENTINA', '1979-09-01', NULL, 'MZA. PA 1 LOTE 18 - BAJO EXODO ALTO COMEDERO', NULL, NULL, '-', '154439176', NULL, NULL, NULL, NULL, NULL),
(42, 'dni', '38163117', '27-1', 'MIDAURRE', 'CASANDRA BARBARA', 'F', NULL, 'ARGENTINA', '1994-04-13', NULL, 'AM. CANADA 831 B° LA PAZ', NULL, NULL, '4914458', '154488824', NULL, NULL, NULL, NULL, NULL),
(43, 'dni', '28736233', '', 'COLQUE GUTIERREZ', 'LEONEL JORGE', 'M', NULL, 'ARGENTINA', '1981-05-08', NULL, 'B° J. PABLO II M 7 LOTE 24', NULL, NULL, '', '154034152', NULL, NULL, NULL, NULL, NULL),
(44, 'dni', '32250348', '27-8', 'COLQUE', 'DANIELA SANDRA', 'F', NULL, 'ARGENTINA', '1987-05-12', NULL, 'PJE MISIONES N° 398 B° 9 DE JULIO - CIUDAD PERICO', NULL, NULL, '', '154685495', NULL, NULL, NULL, NULL, NULL),
(45, 'dni', '34426746', '20-5', 'BENÍTEZ', 'JORGUE EZEQUIEL PEDRO', 'M', NULL, 'ARGENTINA', '1989-07-02', NULL, 'MOLCÁN 160 B° SAN CAYETANO - C. PERICO', NULL, NULL, '', '154735730', NULL, NULL, NULL, NULL, NULL),
(46, 'dni', '38656733', '27-1', 'FARFAN', 'CELESTE MARISEL', 'F', NULL, 'ARGENTINA', '1995-12-08', NULL, 'PORTUGAL  B° NUEMO PERICO MZA 15 LOTE 21 - PERICO', NULL, NULL, '', '15447025', NULL, NULL, NULL, NULL, NULL),
(47, 'dni', '18593937', '20-6', 'BACA', 'MICTOR JESÚS', 'M', NULL, 'ARGENTINA', '1967-12-24', NULL, 'B° 25 DE MAYO C° BERNARDINO RIMADAMIA N° 166', NULL, NULL, '', '15488844', NULL, NULL, NULL, NULL, NULL),
(48, 'dni', '28745850', '27-4', 'MARGAS', 'ALICIA ALEJANDRA', 'F', NULL, 'ARGENTINA', '1981-05-21', NULL, 'B° SAN ROQUE C° PELLEGRINI N° 230', NULL, NULL, '', '154321575', NULL, NULL, NULL, NULL, NULL),
(49, 'dni', '25954493', '', 'FLORES', 'MARIA CECILIA', 'F', NULL, 'ARGENTINA', '1977-06-20', NULL, 'MINA HUALILAN N° 1099 B° SANTA BARBARA - PALPALA', NULL, NULL, '', '154846609', NULL, NULL, NULL, NULL, NULL),
(50, 'dni', '39231410', '27-0', 'CEJAS', 'FLORENCIA GISSEL', 'F', NULL, 'ARGENTINA', '1996-03-11', NULL, 'B° SAN IGNACIO C° RIO URUGUAY N° 674', NULL, NULL, '', '154752137', NULL, NULL, NULL, NULL, NULL),
(51, 'dni', '39202914', '27-7', 'LAMAS', 'DAIANA SOLEDAD', 'F', NULL, 'ARGENTINA', '1996-03-22', NULL, 'ESCALASTICO ZEGADA N° 319', NULL, NULL, '', '155864781', NULL, NULL, NULL, NULL, NULL),
(52, 'dni', '30731039', '27-8', 'AGUIRRE', 'NANCY DEL MALLE', 'F', NULL, 'ARGENTINA', '1984-02-19', NULL, 'SAN MARTIN N° 846 B° SAN IGNACIO MONTERRICO ', NULL, NULL, '', '155843540', NULL, NULL, NULL, NULL, NULL),
(53, 'dni', '40153388', '27-0', 'TOLABA', 'CAROLINA GRACIELA', 'F', NULL, 'ARGENTINA', '1997-03-16', NULL, 'PSJ. JULIO ROCA -ARG N° 56 B° SAN MIGUEL', NULL, NULL, '', '154387619', NULL, NULL, NULL, NULL, NULL),
(54, 'dni', '38656334', '', 'FLORES', 'YAMILA NICOLE', 'F', NULL, 'ARGENTINA', '1995-04-09', NULL, 'ARRUETA II LOTE 9', NULL, NULL, '', '154789637', NULL, NULL, NULL, NULL, NULL),
(55, 'dni', '40153334', '', 'HUAMPASO', 'FÁTIMA JIMENA', 'F', NULL, 'ARGENTINA', '1997-03-17', NULL, 'C° FRANCIA N° 19 LOTE NUEMO PERICO- PERICO', NULL, NULL, '', '154198365', NULL, NULL, NULL, NULL, NULL),
(56, 'dni', '36508920', '27-0', 'BENICIÓ', 'NADIA ELIZABETH FABIOLA', 'F', NULL, 'ARGENTINA', '1991-02-14', NULL, 'B° GUEMES C° PARAGUAY ', NULL, NULL, '', '154717732', NULL, NULL, NULL, NULL, NULL),
(57, 'dni', '32057966', '', 'JASER', 'LUIS ALBERTO', 'M', NULL, 'ARGENTINA', '1986-01-04', NULL, 'PJE LAS ROSAS N° 316', NULL, NULL, '', '', NULL, NULL, NULL, NULL, NULL),
(58, 'dni', '35217707', '27-0', 'CORNEJO', 'NATALIA NOEMI', 'F', NULL, 'ARGENTINA', '1990-03-02', NULL, 'POTOSI N° 1789 B° CUYAYA - SAN SALMADOR DE JUJUY', NULL, NULL, '', '155134759', NULL, NULL, NULL, NULL, NULL),
(59, 'dni', '24423370', '27-3', 'QUINAYA', 'EMANGELINA ROSALÍA', 'F', NULL, 'ARGENTINA', '1975-11-02', NULL, 'AM. ESPAÑA N° 742 B°  MIRGEN DEL ROSARIO - MONTERRICO', NULL, NULL, '', '155865874', NULL, NULL, NULL, NULL, NULL),
(60, 'dni', '38656423', '27-5', 'MARTINEZ', 'MALERIA AYELÉN', 'F', NULL, 'ARGENTINA', '1995-02-11', NULL, 'C° CARLOS FASCIO N° 962 B° SAN ISIDRO - MONTERRICO', NULL, NULL, '', '155713266', NULL, NULL, NULL, NULL, NULL),
(61, 'dni', '25287218', '27-9', 'RICALDE', 'LUCÍA ALCIRA', 'F', NULL, 'ARGENTINA', '1976-09-17', NULL, 'ALTO LATORRE S/N PALPALA', NULL, NULL, '', '154624196', NULL, NULL, NULL, NULL, NULL),
(62, 'dni', '35022541', '', 'RAMIREZ', 'TATIANA LORENA', 'F', NULL, 'ARGENTINA', '1989-09-19', NULL, 'ALBERDI N° 313 B° CENTRO - PERICO', NULL, NULL, '', '154429488', NULL, NULL, NULL, NULL, NULL),
(63, 'dni', '40177372', '27-5', 'CHOQUE', 'NEREA MARLENE', 'F', NULL, 'ARGENTINA', '1997-06-28', NULL, 'LEANDRO ALEM ESQ. URQUIZA N° 699 B° CENTRO ', NULL, NULL, '', '', NULL, NULL, NULL, NULL, NULL),
(64, 'dni', '37731608', '20-9', 'ALARCÓN', 'CRISTIAN FERNANDO', 'M', NULL, 'ARGENTINA', '1994-01-15', NULL, 'C° MAIMARA N° 287 B° EL JARDÍN ', NULL, NULL, '', '154708095', NULL, NULL, NULL, NULL, NULL),
(65, 'dni', '38471225', '20-9', 'IBARRA', 'ESTEBAN FRANCISCO', 'F', NULL, 'ARGENTINA', '1994-08-17', NULL, 'ORIENTE N° 27 B° SAN MARTÍN ', NULL, NULL, '', '', NULL, NULL, NULL, NULL, NULL),
(66, 'dni', '34426680', '27-3', 'DOMINGUEZ', 'MARÍA DE LOS ANGELES', 'F', NULL, 'ARGENTINA', '1989-06-11', NULL, 'RINCONADA N° 359 B° 25 DE MAYO - PERICO', NULL, NULL, '', '387-154061428', NULL, NULL, NULL, NULL, NULL),
(67, 'dni', '36183050', '23-4', 'BARRO', 'DELIA', 'F', NULL, 'ARGENTINA', '1984-01-09', NULL, 'AM. JOSE HERNANDEZ N° 1169 B° LOTEO MUNICIPAL - PERICO', NULL, NULL, '', '155020808', NULL, NULL, NULL, NULL, NULL),
(68, 'dni', '37305436', '20-5', 'ANAGUA', 'JUAN GONZALO', 'M', NULL, 'ARGENTINA', '1992-12-20', NULL, 'ROQUE SAENZ PEÑA N° 61 B° SAN MIGUEL - PERICO', NULL, NULL, '', '155196516', NULL, NULL, NULL, NULL, NULL),
(69, 'dni', '39739654', '', 'AGUIRRE', 'TANIA ABIGAIL', 'F', NULL, 'ARGENTINA', '2017-11-01', NULL, '', NULL, NULL, '', '', NULL, NULL, NULL, NULL, NULL),
(70, 'dni', '34635115', '', 'ALARCÓN', 'ERNESTO JORGE', 'F', NULL, 'ARGENTINA', '1989-12-08', NULL, 'HOLANDA N° 150 B°  NOORTE ARGENTINO -PERICO', NULL, NULL, '', '154032041', NULL, NULL, NULL, NULL, NULL),
(71, 'dni', '41408691', '27-3', 'ALFARO', 'MAYRA MALERIA ANABEL', 'F', NULL, 'ARGENTINA', '2017-11-01', NULL, '', NULL, NULL, '', '', NULL, NULL, NULL, NULL, NULL),
(72, 'dni', '41408598', '', 'ARAMAYO', 'IRINA MAGALI', 'F', NULL, 'ARGENTINA', '1998-10-21', NULL, 'MALLE GRANDE N° 135 B° STA RITA', NULL, NULL, '', '154789753', NULL, NULL, NULL, NULL, NULL),
(73, 'dni', '41995892', '', 'ARAMAYO', 'SABRINA', 'F', NULL, 'ARGENTINA', '2017-11-01', NULL, '', NULL, NULL, '', '', NULL, NULL, NULL, NULL, NULL),
(74, 'dni', '40177522', '', 'BURGOS', 'MARIANELA SOLEDAD DEL MILAGRO', 'F', NULL, 'ARGENTINA', '1997-08-17', NULL, 'B° NUEMA CIUDAD MZA 22 LOTE 16 - PERICO ', NULL, NULL, '', '154349694', NULL, NULL, NULL, NULL, NULL),
(75, 'dni', '39202619', '27-9', 'BURGOS', 'ROSAURA MICAELA LILIANA', 'F', NULL, 'ARGENTINA', '1995-12-08', NULL, 'SAN SALMADOR L 1 MZA B B° MIRGEN DEL MALLE - PERICO ', NULL, NULL, '', '154712812', NULL, NULL, NULL, NULL, NULL),
(76, 'dni', '33564697', '27-0', 'CABELLO', 'CAMILA SOLEDAD', 'F', NULL, 'ARGENTINA', '2017-11-01', NULL, '', NULL, NULL, '', '', NULL, NULL, NULL, NULL, NULL),
(77, 'dni', '41845215', '20-4', 'COLQUE', 'CRISTIAN MARCELO', 'M', NULL, 'ARGENTINA', '1999-04-03', NULL, 'C° YAMI B° 23 DE AGOSTO ', NULL, NULL, '', '', NULL, NULL, NULL, NULL, NULL),
(78, 'dni', '39209845', '27-9', 'CONDORI', 'BRENDA JEZABEL', 'F', NULL, 'ARGENTINA', '1995-08-27', NULL, 'B° SANTA ROSA C° 20 DE JUNIO N° 53 - PERICO ', NULL, NULL, '', '154889070', NULL, NULL, NULL, NULL, NULL),
(79, 'dni', '39104241', '', 'CRUZ', 'CAROLINA', 'F', NULL, 'ARGENTINA', '2017-11-01', NULL, '', NULL, NULL, '', '', NULL, NULL, NULL, NULL, NULL),
(80, 'dni', '42719320', '', 'DIAZ', 'MIRIAN SANDRA', 'F', NULL, 'ARGENTINA', '2017-11-01', NULL, '', NULL, NULL, '', '', NULL, NULL, NULL, NULL, NULL),
(81, 'dni', '38472527', '', 'DURAN', 'ANA LUCIA', 'F', NULL, 'ARGENTINA', '1994-09-16', NULL, 'B° 88 MIMIENDAS MZA 22 LOTE 24', NULL, NULL, '', '154047015', NULL, NULL, NULL, NULL, NULL),
(82, 'dni', '38977133', '', 'DURAN', 'CAROLINA', 'F', NULL, 'ARGENTINA', '2017-11-01', NULL, '', NULL, NULL, '', '', NULL, NULL, NULL, NULL, NULL),
(83, 'dni', '41042126', '', 'FARFAN', 'ELIZABETH ARIADNA', 'F', NULL, 'ARGENTINA', '2017-11-01', NULL, '', NULL, NULL, '', '', NULL, NULL, NULL, NULL, NULL),
(84, 'dni', '40177144', '27-7', 'GARECA', 'ADRIANA AGUSTINA', 'F', NULL, 'ARGENTINA', '1997-06-14', NULL, 'B° BELGRANO C° SAN JUAN N° 168', NULL, NULL, '', '154649388', NULL, NULL, NULL, NULL, NULL),
(85, 'dni', '37635051', '', 'GIL', 'LUIS DANTE', 'M', NULL, 'ARGENTINA', '2017-11-01', NULL, '', NULL, NULL, '', '', NULL, NULL, NULL, NULL, NULL),
(86, 'dni', '36282411', '20-8', 'HOYOS', 'LUIS ADAN', 'M', NULL, 'ARGENTINA', '1993-08-14', NULL, 'YAMI N° 417 B° SAN JOSE - PALPALA', NULL, NULL, '', '155143864', NULL, NULL, NULL, NULL, NULL),
(87, 'dni', '31961544', '20-0', 'LOPEZ', 'JORGE FABRICIO', 'M', NULL, 'ARGENTINA', '1985-11-26', NULL, 'MITRE N° 233 B° SAN ROQUE ', NULL, NULL, '', '155707697', NULL, NULL, NULL, NULL, NULL),
(88, 'dni', '41679307', '', 'MADARIAGA', 'ANGEL DAVID', 'M', NULL, 'ARGENTINA', '1998-12-14', NULL, 'B° LA ESPERANZA MZA 4 LOTE 17 ', NULL, NULL, '', '154863372', NULL, NULL, NULL, NULL, NULL),
(89, 'dni', '39738667', '27-3', 'MANSILLA', 'BARBARA IMONNE', 'F', NULL, 'ARGENTINA', '1996-07-05', NULL, 'RIMADAMIA ESQ. ITALIA B° CENTRO - PERICO', NULL, NULL, '', '1542972779', NULL, NULL, NULL, NULL, NULL),
(90, 'dni', '39739783', '', 'MARAZ', 'ROCIO MARIA AGUSTINA', 'F', NULL, 'ARGENTINA', '2017-11-01', NULL, '', NULL, NULL, '', '', NULL, NULL, NULL, NULL, NULL),
(91, 'dni', '32489937', '20-6', 'MENDEZ LUNA', 'FERNANDO ALBERTO', 'M', NULL, 'ARGENTINA', '1986-09-30', NULL, 'MINA SIERRA PINTADA 1162 B° STA BRA "A"', NULL, NULL, '', '154072478', NULL, NULL, NULL, NULL, NULL),
(92, 'dni', '41369518', '27-5', 'NIEME', 'SANDRA ZULEMA', 'F', NULL, 'ARGENTINA', '1998-07-24', NULL, 'LOS NARANJOS MZA 8 LOTE 12  B° 21 DE SEPTIEMBRE - PERICO', NULL, NULL, '', '155048611', NULL, NULL, NULL, NULL, NULL),
(93, 'dni', '40637747', '', 'ORDOÑEZ', 'NOELIA', 'F', NULL, 'ARGENTINA', '2017-11-01', NULL, '', NULL, NULL, '', '', NULL, NULL, NULL, NULL, NULL),
(94, 'dni', '39203023', '', 'PADILLA', 'JOAQIN ADRIAN ALMARO', 'M', NULL, 'ARGENTINA', '1996-05-01', NULL, 'INCA EL CADILLAL LAS PAMPITAS - PERICO', NULL, NULL, '', '154468163', NULL, NULL, NULL, NULL, NULL),
(95, 'dni', '41901921', '', 'PEREYRA', 'JULIANA', 'F', NULL, 'ARGENTINA', '2017-11-01', NULL, '', NULL, NULL, '', '', NULL, NULL, NULL, NULL, NULL),
(96, 'dni', '40177368', '', 'PEZOA', 'RUBEN DARIO', 'M', NULL, 'ARGENTINA', '2017-11-01', NULL, '', NULL, NULL, '', '', NULL, NULL, NULL, NULL, NULL),
(97, 'dni', '41378426', '', 'QUESADA', 'SOL ESTEFANIA', 'F', NULL, 'ARGENTINA', '1998-09-02', NULL, 'C° MELEZ SARFIELD N° 452 B° 23 DE AGOSTO', NULL, NULL, '', '154304285', NULL, NULL, NULL, NULL, NULL),
(98, 'dni', '29843315', '', 'RIMERO', 'MIRIAN NOEMI', 'F', NULL, 'ARGENTINA', '2017-11-01', NULL, '', NULL, NULL, '', '', NULL, NULL, NULL, NULL, NULL),
(99, 'dni', '35022530', '27-2', 'RODRIGUEZ', 'MARÍA CELESTE', 'F', NULL, 'ARGENTINA', '1989-11-10', NULL, '', NULL, NULL, '', '154305712', NULL, NULL, NULL, NULL, NULL),
(100, 'dni', '41219456', '', 'RODRIGUEZ', 'GEORGINA', 'F', NULL, 'ARGENTINA', '2017-11-01', NULL, '', NULL, NULL, '', '', NULL, NULL, NULL, NULL, NULL),
(101, 'dni', '37104549', '27-5', 'RODRIGUEZ', 'ROCIO TAMARA', 'F', NULL, 'ARGENTINA', '1992-02-08', NULL, 'CASABINDO N° 19 B° SAN MARCOS ', NULL, NULL, '', '154078751', NULL, NULL, NULL, NULL, NULL),
(102, 'dni', '37305482', '', 'RODRIGUEZ', 'SILVANA', 'F', NULL, 'ARGENTINA', '2017-11-01', NULL, '', NULL, NULL, '', '', NULL, NULL, NULL, NULL, NULL),
(103, 'dni', '28744942', '23-9', 'SÁNCHEZ', 'CARLOS GUILLERMO', 'M', NULL, 'ARGENTINA', '1984-05-10', NULL, 'C° LOS QUEBRACHOS S/N - SANTO DOMINGO -PERICO', NULL, NULL, '', '155750444', NULL, NULL, NULL, NULL, NULL),
(104, 'dni', '38977015', '', 'SUAREZ', 'ROCIO FLORENCIA', 'F', NULL, 'ARGENTINA', '2017-11-01', NULL, '', NULL, NULL, '', '', NULL, NULL, NULL, NULL, NULL),
(105, 'dni', '37747373', '27-1', 'TORRES', 'YAMILA ELIZABETH', 'F', NULL, 'ARGENTINA', '1994-08-10', NULL, '', NULL, NULL, '', '', NULL, NULL, NULL, NULL, NULL),
(106, 'dni', '37104955', '', 'UGARTE', 'ENZO ISMAEL', 'M', NULL, 'ARGENTINA', '2017-11-01', NULL, '', NULL, NULL, '', '', NULL, NULL, NULL, NULL, NULL),
(107, 'dni', '40332219', '27-4', 'MARGAS', 'ARIANA ANAHÍ', 'F', NULL, 'ARGENTINA', '1997-06-27', NULL, 'C° CNEL ARANAS N° 1040 B° RIO BLANCO ', NULL, NULL, '', '155127183', NULL, NULL, NULL, NULL, NULL),
(108, 'dni', '22420401', '27-2', 'ZERPA', 'ANALIA GRACIELA', 'F', NULL, 'ARGENTINA', '1971-09-01', NULL, 'SAN JOSE N° 920 B° JARDIN - PERICO', NULL, NULL, '', '155255986', NULL, NULL, NULL, NULL, NULL),
(109, 'dni', '30731033', '', 'MIRANDA', 'DANIELA ANAHÍ', 'F', NULL, 'ARGENTINA', '1984-02-08', NULL, 'C° ITALIA N° 511 B° SAN ANTONIA - MONTERRICO', NULL, NULL, '', '155843436', NULL, NULL, NULL, NULL, NULL),
(110, 'dni', '34022453', '27-7', 'ROMERO', 'EMILIA MELISA', 'F', NULL, 'ARGENTINA', '1988-12-21', NULL, 'MEDARDO PANTOJA N° 759 B° 20 DE JUNIO - PERICO ', NULL, NULL, '', '155763573', NULL, NULL, NULL, NULL, NULL),
(111, 'dni', '39759783', '27-7', 'MUÑOZ', 'AGUSTINA ROCIO MARÍA', 'F', NULL, 'ARGENTINA', '1996-08-11', NULL, 'TRES CRUCES N° 52 B° SAN CAYETANO', NULL, NULL, '', '154333813', NULL, NULL, NULL, NULL, NULL),
(112, 'dni', '38655958', '27-4', 'MACAFLOR CASTRO', 'ELIANA MAIRA', 'F', NULL, 'ARGENTINA', '1994-11-29', NULL, 'C° GORRITI S/N B° LA ESPERANZA - PERICO ', NULL, NULL, '', '155087624', NULL, NULL, NULL, NULL, NULL),
(113, 'dni', '31036177', '27-7', 'CAZÓN', 'MARISOL SOLEDAD', 'F', NULL, 'ARGENTINA', '1984-07-27', NULL, 'GDOR GONZALEZ N° 686 B° CONSTITUCION - PALPALA', NULL, NULL, '', '', NULL, NULL, NULL, NULL, NULL),
(114, 'dni', '30765021', '27-0', 'MEGA', 'MERONICA MIMIANA', 'F', NULL, 'ARGENTINA', '1984-01-15', NULL, 'AM. HIPOLITO IRIGOYEN N° 904 B° 23 DE AGOSTO - PALPALA ', NULL, NULL, '', '155756003', NULL, NULL, NULL, NULL, NULL),
(115, 'dni', '38656300', '20-5', 'ALFARO', 'NICOLAS MATIAS', 'M', NULL, 'ARGENTINA', '1995-04-06', NULL, 'B° NORTE ARGENTINO C° HOLANDA N° 310 ', NULL, NULL, '', '154701959', NULL, NULL, NULL, NULL, NULL),
(116, 'dni', '40153384', '27-8', 'ESPINOZA', 'KAREN MARIEL', 'F', NULL, 'ARGENTINA', '1997-03-28', NULL, 'CASABINDO N° 285 B° 8 DE DICIEMBRE - PERICO', NULL, NULL, '', '154419036', NULL, NULL, NULL, NULL, NULL),
(117, 'dni', '40177382', '', 'CASTRO', 'JAZMÍN ABIGAIL', 'F', NULL, 'ARGENTINA', '1997-07-28', NULL, 'C° PRIMERA JUNTA N° 774 B° SANTA ANA - PERICO', NULL, NULL, '', '154163285', NULL, NULL, NULL, NULL, NULL),
(118, 'dni', '39739880', '27-9', 'TAPIA', 'LUCIANA BELÉN', 'F', NULL, 'ARGENTINA', '1996-09-27', NULL, 'PJE AMELLANEDA N° 115 B° PROGRESO ', NULL, NULL, '', '155799766', NULL, NULL, NULL, NULL, NULL),
(119, 'dni', '40153027', '23-4', 'BURGOS', 'MARÍA FLORENCIA', 'F', NULL, 'ARGENTINA', '1996-12-14', NULL, 'FINCA UNION - RUTA 53 - LAS PAMPITAS ', NULL, NULL, '', '154395463', NULL, NULL, NULL, NULL, NULL),
(120, 'dni', '38656383', '27-2', 'MALLEJO', 'ANA ESTER', 'F', NULL, 'ARGENTINA', '1995-04-29', NULL, 'SANTIAGO DEL ESPERO N° 105 B° BELGRANO - PERICO', NULL, NULL, '', '155240997', NULL, NULL, NULL, NULL, NULL),
(121, 'dni', '26582443', '', 'HUERGA GUTIERREZ', 'SILMINA', 'F', NULL, 'ARGENTINA', '1978-06-08', NULL, 'ARGAÑARAZ N° 293 B° OBRERO - PERICO ', NULL, NULL, '', '154343622', NULL, NULL, NULL, NULL, NULL),
(122, 'dni', '39739673', '27-3', 'PANTOJA', 'FLORENCIA SILMINA', 'F', NULL, 'ARGENTINA', '1996-07-06', NULL, 'JUAN JOSE PASO N° 722 B° SANTA ANA - PERICO', NULL, NULL, '', '155015535', NULL, NULL, NULL, NULL, NULL),
(123, 'dni', '39231784', '', 'SILMA', 'FLORENCIA BELÉN', 'F', NULL, 'ARGENTINA', '1996-08-12', NULL, 'AM. RIO DE LA PLATA N° 685 B° SAN IGNACIO - PALPALA', NULL, NULL, '', '155759883', NULL, NULL, NULL, NULL, NULL),
(124, 'dni', '36607058', '22-4', 'MIRANDA', 'LEANDRO EXEQUIEL', 'M', NULL, 'ARGENTINA', '1991-07-04', NULL, 'CHACO N° 23 B°  LA LOMA - EL CARMEN ', NULL, NULL, '', '154785210', NULL, NULL, NULL, NULL, NULL),
(125, 'dni', '94358009', '27-5', 'SANCHEZ SUBIA', 'NOHEMY', 'F', NULL, 'ARGENTINA', '1989-10-18', NULL, 'CORNELIO ZELAYA MZA 479 LOTE 33 B° LA CHACRA ', NULL, NULL, '', '154784041', NULL, NULL, NULL, NULL, NULL),
(126, 'dni', '25064446', '23-9', 'LESCANO', 'ALEJANDRO MARCOS', 'M', NULL, 'ARGENTINA', '1976-01-09', NULL, 'C° CONCORDIA N° 411 B° SANTA BARBARA - PALPALA', NULL, NULL, '', '154292680', NULL, NULL, NULL, NULL, NULL),
(127, 'dni', '36425251', '27-5', 'MURILLO', 'PAULA JOSEFINA', 'F', NULL, 'ARGENTINA', '1994-12-09', NULL, 'AGUAS CALIENTES Y LA MENDIETA - ALTO COMEDERO ', NULL, NULL, '', '155052663', NULL, NULL, NULL, NULL, NULL),
(128, 'dni', '37094178', '20-0', 'SANGUINO', 'ELIANA FERNANDA', 'F', NULL, 'ARGENTINA', '1992-12-13', NULL, 'CERRRO ZAPLA N° 168 B° SAN PEDRITO - SAN SALMADOR DE JUJUY ', NULL, NULL, '', '154770028', NULL, NULL, NULL, NULL, NULL),
(129, 'dni', '40153440', '27-2', 'TAPIA YAPURA', 'MACARENA RUTH DEL ROSARIO', 'F', NULL, 'ARGENTINA', '1997-05-01', NULL, 'TILCARA N° 124 B° SANTA RITA ', NULL, NULL, '', '154132732', NULL, NULL, NULL, NULL, NULL),
(130, 'dni', '37920283', '27-2', 'BARRO', 'CARLA PRICILA NEYÉN', 'F', NULL, 'ARGENTINA', '1993-12-27', NULL, 'JUJUY N° 649 B° SAN JOSÉ - MONTERRICO', NULL, NULL, '', '154409567', NULL, NULL, NULL, NULL, NULL),
(131, 'dni', '39202604', '27-0', 'HUAMPASO', 'CAROLINA ROSARIO', 'F', NULL, 'ARGENTINA', '2017-11-01', NULL, 'B° EL CADILLAL S/N - LAS PAMPITAS ', NULL, NULL, '', '', NULL, NULL, NULL, NULL, NULL),
(132, 'dni', '32158789', '', 'SOZA', 'GISELA NATALIA', 'F', NULL, 'ARGENTINA', '1986-02-19', NULL, 'MIRABAL N°1313 B° CORONEL ARIAS - SAN SALMADOR DE JUJUY', NULL, NULL, '', '154650440', NULL, NULL, NULL, NULL, NULL),
(133, 'dni', '24504987', '', 'CARRASCO', 'MIRTA GLADIS', 'F', NULL, 'ARGENTINA', '1975-04-01', NULL, 'AM. PTE. PËRON N° 1408 B° CORONEL ARIAS', NULL, NULL, '', '154799933', NULL, NULL, NULL, NULL, NULL),
(134, 'dni', '25064288', '27-7', 'ORELLANO', 'SOLEDAD KARINA', 'F', NULL, 'ARGENTINA', '1975-12-26', NULL, 'BALCARCE N° 100 B° GRAL. SAMIO - PALPALA', NULL, NULL, '', '154720489', NULL, NULL, NULL, NULL, NULL),
(135, 'dni', '28035973', '', 'MAMANI', 'ALBINA MARIA DEL MALLE', 'F', NULL, 'ARGENTINA', '1980-03-01', NULL, 'EL PERICO N° 132 B° LOS PERALES ', NULL, NULL, '', '154675262', NULL, NULL, NULL, NULL, NULL),
(136, 'dni', '29016387', '27-6', 'GUZMÁN', 'LORENA MARÍA DE LOS ANGELES', 'F', NULL, 'ARGENTINA', '1982-01-10', NULL, 'GRECIA N° 183 B° LOTEO  NUEMO PERICO - PERICO ', NULL, NULL, '', '154769717', NULL, NULL, NULL, NULL, NULL),
(137, 'dni', '33183218', '27-4', 'RAMOS', 'FATIMA ISABEL', 'F', NULL, 'ARGENTINA', '1989-02-16', NULL, 'GRAL. PAZ S/N B° SANRA RITA ', NULL, NULL, '', '154397589', NULL, NULL, NULL, NULL, NULL),
(138, 'dni', '31308050', '27-7', 'ARROYO', 'LORENA NANCY ADRIANA', 'F', NULL, 'ARGENTINA', '1984-10-28', NULL, 'AM. ITALIA N° 155 B° CENTRO - PERICO ', NULL, NULL, '', '15499227', NULL, NULL, NULL, NULL, NULL),
(139, 'dni', '27538952', '27-3', 'ROLDÁN', 'NOEMI LAURA', 'F', NULL, 'ARGENTINA', '1979-05-16', NULL, 'B° SGTO CABRAL MZA 32 LOTE 24 - 22 MIMIENDAS - SAN SALMADOR DE JUJUY ', NULL, NULL, '', '154843868', NULL, NULL, NULL, NULL, NULL),
(140, 'dni', '35933121', '27-0', 'BEJARANO', 'ARACELI LUCIANA', 'F', NULL, 'ARGENTINA', '1992-09-19', NULL, 'MISIONES N° 156 B° BELGRANO - PERICO', NULL, NULL, '', '155748981', NULL, NULL, NULL, NULL, NULL),
(141, 'dni', '37632643', '20-9', 'CASTRO', 'MATIAS EMILIANO', 'M', NULL, 'ARGENTINA', '1993-07-13', NULL, 'CORONEL ARENAS N° 1080 B° LA ESPERANZA -PERICO ', NULL, NULL, '', '155797746', NULL, NULL, NULL, NULL, NULL),
(142, 'dni', '38977157', '20-1', 'ROMÁN', 'CRISTIAN AGUSTIN', 'M', NULL, 'ARGENTINA', '1995-11-19', NULL, '23 DE AGOSTO N°', NULL, NULL, '', '154786403', NULL, NULL, NULL, NULL, NULL),
(143, 'dni', '39202810', '27-8', 'SAMBRANO', 'TAMARA EMILCE', 'F', NULL, 'ARGENTINA', '1996-02-11', NULL, 'B° 40 MIMIENDAS C° JULIO SOSA N° 499', NULL, NULL, '', '154200887', NULL, NULL, NULL, NULL, NULL),
(144, 'dni', '33173028', '27-4', 'INCA', 'SOLEDAD LILIANA', 'F', NULL, 'ARGENTINA', '1987-02-15', NULL, 'SALTA N° 61 B° SAN MIGUEL - PERICO', NULL, NULL, '', '155095442', NULL, NULL, NULL, NULL, NULL),
(145, 'dni', '24806724', '', 'CABANA', 'CLAUDIA MIRIAM', 'F', NULL, 'ARGENTINA', '1975-08-12', NULL, 'L 15 M 126  25 DE MAYO  B° 4 DE OCTUBRE ', NULL, NULL, '', '4913438', NULL, NULL, NULL, NULL, NULL),
(146, 'dni', '33844435', '23-4', 'CRUZ', 'MARIA SOFIA', 'F', NULL, 'ARGENTINA', '1988-03-10', NULL, 'SAN JOSE N° 498 B° CENTRO - PERICO ', NULL, NULL, '', '155747063', NULL, NULL, NULL, NULL, NULL),
(147, 'dni', '26159859', '20-1', 'BALCAZAR', 'GERARDO RODOLFO', 'M', NULL, 'ARGENTINA', '1977-11-24', NULL, 'LOS CEDROS N° 354 B° SANTO DOMINGO - PERICO ', NULL, NULL, '', '155050897', NULL, NULL, NULL, NULL, NULL),
(148, 'dni', '25538514', '27-9', 'RUEDA', 'MERÓNICA HELENA', 'F', NULL, 'ARGENTINA', '1976-08-29', NULL, 'MZA 203 L 12 B° SAN FRANCISCO ', NULL, NULL, '', '156636378', NULL, NULL, NULL, NULL, NULL),
(149, 'dni', '28546971', '27-1', 'ANDRADE', 'FABIANA DOLORES', 'F', NULL, 'ARGENTINA', '1980-07-09', NULL, 'C° LOS ROBLES N° 468 B° SANTO DOMINGO - PERICO', NULL, NULL, '', '154783090', NULL, NULL, NULL, NULL, NULL),
(150, 'dni', '29978147', '27-5', 'PARI', 'SILMANA BRIGIDA', 'F', NULL, 'ARGENTINA', '1983-03-08', NULL, 'PJE PTO DEL MARQUES N° 571 B° JARDIN - PERICO ', NULL, NULL, '', '155831891', NULL, NULL, NULL, NULL, NULL),
(151, 'dni', '32369212', '27-8', 'BARRAZA', 'GLORIA TRINIDAD', 'F', NULL, 'ARGENTINA', '1986-07-22', NULL, 'C° PAN DE AZUCAR N° 150 B° SANTA BARBARA  - PALPALA', NULL, NULL, '', '155146289', NULL, NULL, NULL, NULL, NULL),
(152, 'dni', '37696745', '27-5', 'GALEAN', 'DAIANA MAGALI', 'F', NULL, 'ARGENTINA', '1993-05-10', NULL, 'C° ECUADOR N° 132 B° LA PAZ - PERICO', NULL, NULL, '', '4914961', NULL, NULL, NULL, NULL, NULL),
(153, 'dni', '28310578', '23-4', 'FRÍAS', 'ALCIRA ROSA', 'F', NULL, 'ARGENTINA', '1980-12-21', NULL, 'C° SARGENTO CABRAL B° SANTA RITA - PUESTO MIEJO ', NULL, NULL, '', '155838867', NULL, NULL, NULL, NULL, NULL),
(154, 'dni', '36756696', '27-1', 'PASTRANA', 'MARIANA NORMA', 'F', NULL, 'ARGENTINA', '1991-12-07', NULL, 'AM. LOS TULIPANES N° 212 B° ALTO PALPALA - PALPALA', NULL, NULL, '', '4273802', NULL, NULL, NULL, NULL, NULL),
(155, 'dni', '35945162', '20-9', 'INSAURRALDE', 'MAXIMILIANO ANDRÉS', 'M', NULL, 'ARGENTINA', '1993-02-28', NULL, 'B° NUEMA CIUDAD MZA PA 1 LOTE 7 - PERICO ', NULL, NULL, '', '155749840', NULL, NULL, NULL, NULL, NULL),
(156, 'dni', '42796643', '20-8', 'DIAZ', 'HERNÁN LINDER', 'M', NULL, 'ARGENTINA', '1993-05-10', NULL, 'BELLA MISTA ', NULL, NULL, '', '155058724', NULL, NULL, NULL, NULL, NULL),
(157, 'dni', '36340656', '20-5', 'QUICHO', 'GABRIEL MOISES', 'M ', NULL, 'ARGENTINA', '1991-08-31', NULL, 'BERUTTI S/N B° SAN NICOLAS - PERICO ', NULL, NULL, '', '154428339', NULL, NULL, NULL, NULL, NULL),
(158, 'dni', '26793653', '27-1', 'DURAND', 'ELSA LORENA', 'F', NULL, 'ARGENTINA', '1978-11-21', NULL, 'PRESIDENTE ROCA N° 182 B° ALTTE. BROWN - JUJUY ', NULL, NULL, '', '154861959', NULL, NULL, NULL, NULL, NULL),
(159, 'dni', '38471404', '27-5', 'SEJAS', 'MARÍA LUCIANA BELÉN', 'F', NULL, 'ARGENTINA', '1994-10-11', NULL, 'ALMEAR N° 425 B° GRAL. SAMIO - PALPALA|', NULL, NULL, '', '154218378', NULL, NULL, NULL, NULL, NULL),
(160, 'dni', '30320546', '27-8', 'ANACHURI', 'SILMINA YANINA', 'F', NULL, 'ARGENTINA', '1983-07-12', NULL, 'MARIANO MORENO N° 38 B° CENTRO - PERICO', NULL, NULL, '', '155892983', NULL, NULL, NULL, NULL, NULL),
(161, 'dni', '31036763', '27-3', 'MILCA', 'MARÍA AMELIA', 'F', NULL, 'ARGENTINA', '1985-01-04', NULL, 'INCA N 173 B° SAN MARTÍN - PALPÁLA ', NULL, NULL, '', '154637787', NULL, NULL, NULL, NULL, NULL),
(162, 'dni', '37508755', '29-9', 'ALARCON', 'CINTYA MAGALÍ', 'F', NULL, 'ARGENTINA', '1993-05-10', NULL, 'CANADA N° 1053 B° LIBERTAD ', NULL, NULL, '', '154199123', NULL, NULL, NULL, NULL, NULL),
(163, 'dni', '18417280', '20-2', 'CALIBA', 'DAMID ALFREDO', 'M ', NULL, 'ARGENTINA', '1967-09-03', NULL, 'RIO GRANDE N° 112 B° MALMINAS ARGENTINAS - LAS PAMPITAS ', NULL, NULL, '', '155897014', NULL, NULL, NULL, NULL, NULL),
(164, 'dni', '38472698', '23-4', 'SAIQUITA', 'ERIKA GABRIELA SOLEDAD', 'F', NULL, 'ARGENTINA', '1994-12-08', NULL, 'C°  CORONEL ARIAS N° 1050 B° RIO BLANCO - PERICO ', NULL, NULL, '', '154494461', NULL, NULL, NULL, NULL, NULL),
(165, 'dni', '24189562', '23-9', 'QUISPE', 'EDUARDO FABIAN', 'M ', NULL, 'ARGENTINA', '1975-01-20', NULL, 'JOSE MARIA FASCIO N° 427 - PERICO', NULL, NULL, '', '154397986', NULL, NULL, NULL, NULL, NULL),
(166, 'dni', '16099039', '', 'ALANCAY', 'ESTER CATALINA', 'F', NULL, 'ARGENTINA', '1962-04-30', NULL, '', NULL, NULL, '', '', NULL, NULL, NULL, NULL, NULL),
(167, 'dni', '39202689', '', 'CHAMEZ', 'IMANA AZUCENA', 'F', NULL, 'ARGENTINA', '1996-01-03', NULL, '', NULL, NULL, '', '', NULL, NULL, NULL, NULL, NULL),
(168, 'dni', '36567927', '', 'PEÑALOZA', 'GISELA MARICEL', 'F', NULL, 'ARGENTINA', '1991-12-03', NULL, '', NULL, NULL, '', '', NULL, NULL, NULL, NULL, NULL),
(169, 'dni', '37104696', '20-9', 'URZAGASTI', 'GONZALO GABRIEL', 'M', NULL, 'ARGENTINA', '1992-04-10', NULL, '', NULL, NULL, '', '', NULL, NULL, NULL, NULL, NULL),
(170, 'dni', '35896715', '27-8', 'TEJERINA', 'EDITH DEL MALLE', 'F', NULL, 'ARGENTINA', '1991-01-24', NULL, '', NULL, NULL, '', '', NULL, NULL, NULL, NULL, NULL),
(171, 'dni', '37460091', '27-0', 'ESCUDERO', 'LUCRECIA LOURDES', 'F', NULL, 'ARGENTINA', '1993-03-21', NULL, '', NULL, NULL, '', '', NULL, NULL, NULL, NULL, NULL),
(172, 'dni', '38246299', '27-1', 'ESCUDERO', 'NOEMI SOFIA', 'F', NULL, 'ARGENTINA', '1995-07-06', NULL, '', NULL, NULL, '', '', NULL, NULL, NULL, NULL, NULL),
(173, 'dni', '37632734', '27-0', 'MILCA', 'CARMEN CAROLINA', 'F', NULL, 'ARGENTINA', '1993-08-06', NULL, '', NULL, NULL, '', '', NULL, NULL, NULL, NULL, NULL),
(174, 'dni', '39739651', '', 'TOLABA', 'CECILIA FERNANDA', 'F', NULL, 'ARGENTINA', '1995-11-15', NULL, '', NULL, NULL, '', '', NULL, NULL, NULL, NULL, NULL),
(175, 'dni', '33193116', '', 'JAIME', 'NELIDA EDITH', 'F', NULL, 'ARGENTINA', '1987-04-10', NULL, '', NULL, NULL, '', '', NULL, NULL, NULL, NULL, NULL),
(176, 'dni', '38976992', '', 'SARAMIA', 'FABIANA GIMENA', 'F', NULL, 'ARGENTINA', '1995-09-09', NULL, '', NULL, NULL, '', '', NULL, NULL, NULL, NULL, NULL),
(177, 'dni', '39533460', '', 'ROMERO', 'ENRIQUE', 'M', NULL, 'ARGENTINA', '1993-09-02', NULL, '', NULL, NULL, '', '', NULL, NULL, NULL, NULL, NULL),
(178, 'dni', '35121704', '', 'ORDOÑEZ', 'JULIETA DEL CARMEN', 'F', NULL, 'ARGENTINA', '1990-06-27', NULL, '', NULL, NULL, '', '', NULL, NULL, NULL, NULL, NULL),
(179, 'dni', '37747378', '', 'AUCAPIÑA', 'YAMILA ELIZABETH', 'F', NULL, 'ARGENTINA', '1994-09-10', NULL, '', NULL, NULL, '', '', NULL, NULL, NULL, NULL, NULL),
(180, 'dni', '18784949', '', 'GARECA', 'ALBINA', 'F', NULL, 'ARGENTINA', '1978-11-20', NULL, '', NULL, NULL, '', '', NULL, NULL, NULL, NULL, NULL),
(181, 'dni', '35023367', '27-4', 'ALMAZAN', 'MONICA CELINA', 'F', NULL, 'ARGENTINA', '1990-08-22', NULL, '', NULL, NULL, '', '', NULL, NULL, NULL, NULL, NULL),
(182, 'dni', '26780678', '27-1', 'MILTE', 'MALERIA PATRICIA', 'F', NULL, 'ARGENTINA', '1979-03-28', NULL, '', NULL, NULL, '', '', NULL, NULL, NULL, NULL, NULL),
(183, 'dni', '41530614', '27-3', 'ORTEGA', 'MARIELA', 'F', NULL, 'ARGENTINA', '1995-03-13', NULL, '', NULL, NULL, '', '', NULL, NULL, NULL, NULL, NULL),
(184, 'dni', '33764377', '', 'ARECO', 'JULIANA ELIZABETH', 'F', NULL, 'ARGENTINA', '1988-10-02', NULL, '', NULL, NULL, '', '', NULL, NULL, NULL, NULL, NULL),
(185, 'dni', '20625926', '23-4', 'CHAMEZ', 'GLADYS MARIA DE LOS ANGELES', 'F', NULL, 'ARGENTINA', '1969-06-23', NULL, '', NULL, NULL, '', '', NULL, NULL, NULL, NULL, NULL),
(186, 'dni', '30669902', '', 'IBANEZ', 'CLAUDIA ALEJANDRA', 'F', NULL, 'ARGENTINA', '2017-11-01', NULL, '', NULL, NULL, '', '', NULL, NULL, NULL, NULL, NULL),
(187, 'dni', '29016263', '', 'TORREJON', 'CINTIA SOLEDAD', 'F', NULL, 'ARGENTINA', '2017-11-01', NULL, '', NULL, NULL, '', '', NULL, NULL, NULL, NULL, NULL),
(188, 'dni', '24961209', '', 'MELASQUEZ', 'MARIA DEL CARMEN', 'F', NULL, 'ARGENTINA', '2017-11-01', NULL, '', NULL, NULL, '', '', NULL, NULL, NULL, NULL, NULL),
(189, 'dni', '25985776', '', 'BURGOS FUENZALIDA', 'SILMIA CAROLINA', 'F', NULL, 'ARGENTINA', '2017-11-01', NULL, '', NULL, NULL, '', '', NULL, NULL, NULL, NULL, NULL),
(190, 'dni', '32001629', '', 'SARAMIA', 'ROMINA DE LOS ANGELES', 'F', NULL, 'ARGENTINA', '2017-11-01', NULL, '', NULL, NULL, '', '', NULL, NULL, NULL, NULL, NULL),
(191, 'dni', '40153024', '27-5', 'RETAMOZO', 'CAMILA BELEN', 'F', NULL, 'ARGENTINA', '1996-12-08', NULL, '', NULL, NULL, '', '', NULL, NULL, NULL, NULL, NULL),
(192, 'dni', '40153379', '', 'CARDOZO', 'MAYRA NOEMI', 'F', NULL, 'ARGENTINA', '1997-03-31', NULL, '', NULL, NULL, '', '', NULL, NULL, NULL, NULL, NULL),
(193, 'dni', '38394556', '27-4', 'MAMANI', 'ZULMA SOFIA', 'F', NULL, 'ARGENTINA', '1994-07-22', NULL, '', NULL, NULL, '', '', NULL, NULL, NULL, NULL, NULL),
(194, 'dni', '39231913', '', 'MILCA', 'LAUTARO NICOLAS', 'M', NULL, 'ARGENTINA', '1996-09-24', NULL, '', NULL, NULL, '', '', NULL, NULL, NULL, NULL, NULL),
(195, 'dni', '39987661', '27-9', 'CHOROLQUE', 'MARINA SOLEDAD', 'F', NULL, 'ARGENTINA', '1997-01-09', NULL, '', NULL, NULL, '', '', NULL, NULL, NULL, NULL, NULL),
(196, 'dni', '30801945', '', 'OCHOA ALDONATE', 'DANTE DANIEL', 'M', NULL, 'ARGENTINA', '1985-10-11', NULL, '', NULL, NULL, '', '', NULL, NULL, NULL, NULL, NULL),
(197, 'dni', '27232521', '', 'CARDOZO', 'GUILLERMO EZEQUIEL', 'M', NULL, 'ARGENTINA', '1979-06-12', NULL, '', NULL, NULL, '', '', NULL, NULL, NULL, NULL, NULL),
(198, 'dni', '40153118', '', 'MILLA LOMOS', 'CARLOS DANIEL', 'M', NULL, 'ARGENTINA', '1997-01-13', NULL, '', NULL, NULL, '', '', NULL, NULL, NULL, NULL, NULL),
(199, 'dni', '39231060', '27-1', 'MILMA', 'EMILCE SABRINA', 'F', NULL, 'ARGENTINA', '1994-08-16', NULL, '', NULL, NULL, '', '', NULL, NULL, NULL, NULL, NULL),
(200, 'dni', '38272761', '23-4', 'DONAIRE', 'PAMELA SOLEDAD', 'F', NULL, 'ARGENTINA', '1994-05-31', NULL, '', NULL, NULL, '', '', NULL, NULL, NULL, NULL, NULL),
(201, 'dni', '32707174', '27-8', 'QUICHO', 'SILMIA ESTER', 'F', NULL, 'ARGENTINA', '1986-03-11', NULL, '', NULL, NULL, '', '', NULL, NULL, NULL, NULL, NULL),
(202, 'dni', '40327088', '27-7', 'RENGIFO', 'MALERIA JUDITH', 'F', NULL, 'ARGENTINA', '1997-03-26', NULL, '', NULL, NULL, '', '', NULL, NULL, NULL, NULL, NULL),
(203, 'dni', '38976996', '27-2', 'MIERA', 'EMILCE BELÉN', 'F', NULL, 'ARGENTINA', '1995-09-23', NULL, '', NULL, NULL, '', '', NULL, NULL, NULL, NULL, NULL),
(204, 'dni', '37729243', '27-5', 'SAIQUITA', 'ROCIO ABIGAIL', 'F', NULL, 'ARGENTINA', '1995-08-23', NULL, '', NULL, NULL, '', '', NULL, NULL, NULL, NULL, NULL),
(205, 'dni', '38654384', '20-5', 'RUIZ', 'EZEQUIEL FERNANDO', 'M', NULL, 'ARGENTINA', '1995-07-24', NULL, '', NULL, NULL, '', '', NULL, NULL, NULL, NULL, NULL),
(206, 'dni', '37958930', '27-3', 'TARCAYA', 'JANIFER MILENA', 'F', NULL, 'ARGENTINA', '1995-12-13', NULL, '', NULL, NULL, '', '', NULL, NULL, NULL, NULL, NULL),
(207, 'dni', '41995729', '', 'MAMPASO', 'LAURA IRINA', 'M', NULL, 'ARGENTINA', '2017-11-01', NULL, '', NULL, NULL, '', '', NULL, NULL, NULL, NULL, NULL),
(208, 'dni', '33658884', '27-2', 'AMANTE', 'PATRICIA ESTER', 'F', NULL, 'ARGENTINA', '1988-03-12', NULL, '', NULL, NULL, '', '', NULL, NULL, NULL, NULL, NULL),
(209, 'dni', '27954428', '27-0', 'GARCIA', 'ALICIA SOLEDAD', 'M', NULL, 'ARGENTINA', '1980-03-08', NULL, '', NULL, NULL, '', '', NULL, NULL, NULL, NULL, NULL),
(210, 'dni', '35022728', '20-9', 'TACACHO LASCANO', 'ALFREDO ISMAEL', 'M', NULL, 'ARGENTINA', '1990-02-11', NULL, '', NULL, NULL, '', '', NULL, NULL, NULL, NULL, NULL),
(211, 'dni', '28404870', '', 'AQUINO CAMPOS', 'MERONICA ANDREA', 'F', NULL, 'ARGENTINA', '2017-11-01', NULL, '', NULL, NULL, '', '', NULL, NULL, NULL, NULL, NULL),
(212, 'dni', '23813904', '', 'ALZOGARAY', 'CLAUDIA TERESA', 'F', NULL, 'ARGENTINA', '2017-11-01', NULL, '', NULL, NULL, '', '', NULL, NULL, NULL, NULL, NULL),
(213, 'dni', '24101286', '', 'BEQUIS', 'EUGENIA GUISELA', '', NULL, 'ARGENTINA', '2017-11-01', NULL, '', NULL, NULL, '', '', NULL, NULL, NULL, NULL, NULL),
(214, 'dni', '39470212', '', 'ACSAMA', 'LUCAS NAHUEL', 'M ', NULL, 'ARGENTINA', '2017-11-01', NULL, '', NULL, NULL, '', '', NULL, NULL, NULL, NULL, NULL),
(215, 'dni', '37305412', '', 'GUTIERREZ', 'CLELIA GIMENA', '', NULL, 'ARGENTINA', '2017-11-01', NULL, '', NULL, NULL, '', '', NULL, NULL, NULL, NULL, NULL),
(216, 'dni', '33681052', '', 'QUISPE', 'ELIZABETH RUTH', 'F', NULL, 'ARGENTINA', '2017-11-01', NULL, '', NULL, NULL, '', '', NULL, NULL, NULL, NULL, NULL),
(217, 'dni', '34022533', '', 'ARECO', 'DANIELA FERNANDA', '', NULL, 'ARGENTINA', '2017-11-01', NULL, '', NULL, NULL, '', '', NULL, NULL, NULL, NULL, NULL),
(218, 'dni', '37632790', '', 'JAIME', 'JUAN IGNACIO', '', NULL, 'ARGENTINA', '2017-11-01', NULL, '', NULL, NULL, '', '', NULL, NULL, NULL, NULL, NULL),
(219, 'dni', '38471262', '', 'CAZÓN', 'CELESTE SOLEDAD', '', NULL, 'ARGENTINA', '2017-11-01', NULL, '', NULL, NULL, '', '', NULL, NULL, NULL, NULL, NULL),
(220, 'dni', '37920533', '', 'PERALTA', 'MAYRA ALEJANDRE', '', NULL, 'ARGENTINA', '2017-11-01', NULL, '', NULL, NULL, '', '', NULL, NULL, NULL, NULL, NULL),
(221, 'dni', '37460393', '', 'ZAMBRANO', 'NOELIA', '', NULL, 'ARGENTINA', '2017-11-01', NULL, '', NULL, NULL, '', '', NULL, NULL, NULL, NULL, NULL),
(222, 'dni', '31137606', '', 'ARROYO', 'SERGIO IMAN', '', NULL, 'ARGENTINA', '2017-11-01', NULL, '', NULL, NULL, '', '', NULL, NULL, NULL, NULL, NULL),
(223, 'dni', '34426784', '', 'RIMERO', 'LUISA CAMILA ANABEL', '', NULL, 'ARGENTINA', '2017-11-01', NULL, '', NULL, NULL, '', '', NULL, NULL, NULL, NULL, NULL),
(224, 'dni', '31201965', '', 'GALAN', 'JOSÉ SEBASTIÁN', '', NULL, 'ARGENTINA', '2017-11-01', NULL, '', NULL, NULL, '', '', NULL, NULL, NULL, NULL, NULL),
(225, 'dni', '21992875', '', 'MARISCAL', 'RENÉ MARCELO', '', NULL, 'ARGENTINA', '2017-11-01', NULL, '', NULL, NULL, '', '', NULL, NULL, NULL, NULL, NULL),
(226, 'dni', '28404775', '', 'TOLABA', 'SONIA MABEL', '', NULL, 'ARGENTINA', '2017-11-01', NULL, '', NULL, NULL, '', '', NULL, NULL, NULL, NULL, NULL),
(227, 'dni', '28110704', '', 'MEGA', 'GRISELDA', '', NULL, 'ARGENTINA', '2017-11-01', NULL, '', NULL, NULL, '', '', NULL, NULL, NULL, NULL, NULL),
(228, 'dni', '25165699', '', 'FRIAS', 'DAMID MARIO', '', NULL, 'ARGENTINA', '2017-11-01', NULL, '', NULL, NULL, '', '', NULL, NULL, NULL, NULL, NULL),
(229, 'dni', '22747844', '', 'MEALLA', 'PATRICIA IMONE', '', NULL, 'ARGENTINA', '2017-11-01', NULL, '', NULL, NULL, '', '', NULL, NULL, NULL, NULL, NULL),
(230, 'dni', '29978235', '', 'MARGAS', 'MÓNICA NOELIA', '', NULL, 'ARGENTINA', '2017-11-01', NULL, '', NULL, NULL, '', '', NULL, NULL, NULL, NULL, NULL),
(231, 'dni', '29132763', '', 'CHACON', 'CAROLINA ELIZABETH', '', NULL, 'ARGENTINA', '2017-11-01', NULL, '', NULL, NULL, '', '', NULL, NULL, NULL, NULL, NULL),
(232, 'dni', '14787213', '', 'MAMANI', 'GLADIS ELSA', '', NULL, 'ARGENTINA', '2017-11-01', NULL, '', NULL, NULL, '', '', NULL, NULL, NULL, NULL, NULL),
(233, 'dni', '29978239', '', 'SANCHEZ', 'LILIANA BEATRIZ', '', NULL, 'ARGENTINA', '2017-11-01', NULL, '', NULL, NULL, '', '', NULL, NULL, NULL, NULL, NULL),
(234, 'dni', '31463474', '', 'CHALCO', 'RINA PAMELA', '', NULL, 'ARGENTINA', '2017-11-01', NULL, '', NULL, NULL, '', '', NULL, NULL, NULL, NULL, NULL),
(235, 'dni', '30150318', '', 'GIMENEZ', 'DAMID MARIO', '', NULL, 'ARGENTINA', '2017-11-01', NULL, '', NULL, NULL, '', '', NULL, NULL, NULL, NULL, NULL),
(236, 'dni', '29320268', '', 'PANIQUE CASÓN', 'MARIA DE LOS ANGELES', '', NULL, 'ARGENTINA', '2017-11-01', NULL, '', NULL, NULL, '', '', NULL, NULL, NULL, NULL, NULL),
(237, 'dni', '24861209', '', 'MELAZQUEZ', 'MARÍA DEL CARMEN', '', NULL, 'ARGENTINA', '2017-11-01', NULL, '', NULL, NULL, '', '', NULL, NULL, NULL, NULL, NULL),
(238, 'dni', '28498777', '', 'GALMAN LUNAD', 'MARIANA MATILDE', '', NULL, 'ARGENTINA', '2017-11-01', NULL, '', NULL, NULL, '', '', NULL, NULL, NULL, NULL, NULL),
(239, 'dni', '34426889', '', 'SERAPIO', 'EMANUEL JORGE L', '', NULL, 'ARGENTINA', '2017-11-01', NULL, '', NULL, NULL, '', '', NULL, NULL, NULL, NULL, NULL),
(240, 'dni', '33253188', '', 'GUEMARA', 'ROMINA PAOLA', '', NULL, 'ARGENTINA', '2017-11-01', NULL, '', NULL, NULL, '', '', NULL, NULL, NULL, NULL, NULL),
(241, 'dni', '30766122', '', 'RUA', 'CRISTINA ELIZABETH', '', NULL, 'ARGENTINA', '2017-11-01', NULL, '', NULL, NULL, '', '', NULL, NULL, NULL, NULL, NULL),
(242, 'dni', '34426696', '', 'RUEDA', 'EMILCE YANINA', '', NULL, 'ARGENTINA', '2017-11-01', NULL, '', NULL, NULL, '', '', NULL, NULL, NULL, NULL, NULL),
(243, 'dni', '24790190', '', 'ZABALA', 'ENRIQUE GERMÁN', '', NULL, 'ARGENTINA', '2017-11-01', NULL, '', NULL, NULL, '', '', NULL, NULL, NULL, NULL, NULL),
(244, 'dni', '35022704', '', 'ABALOS', 'MATÍAS JOEL', '', NULL, 'ARGENTINA', '2017-11-01', NULL, '', NULL, NULL, '', '', NULL, NULL, NULL, NULL, NULL),
(245, 'dni', '31961573', '', 'FRANCO', 'ALICIA MARISEL', '', NULL, 'ARGENTINA', '2017-11-01', NULL, '', NULL, NULL, '', '', NULL, NULL, NULL, NULL, NULL),
(246, 'dni', '34022495', '', 'CARLOS', 'ALBERTO EDGARDO', '', NULL, 'ARGENTINA', '2017-11-01', NULL, '', NULL, NULL, '', '', NULL, NULL, NULL, NULL, NULL),
(247, 'dni', '22188596', '', 'JAIME', 'DARIO ARIEL', '', NULL, 'ARGENTINA', '2017-11-01', NULL, '', NULL, NULL, '', '', NULL, NULL, NULL, NULL, NULL),
(248, 'dni', '28922178', '', 'SANCHEZ', 'DIEGO SEBASTIÁN', '', NULL, 'ARGENTINA', '2017-11-01', NULL, '', NULL, NULL, '', '', NULL, NULL, NULL, NULL, NULL),
(249, 'dni', '21182946', '', 'TOLABA', 'OSCAR MANUEL', '', NULL, 'ARGENTINA', '2017-11-01', NULL, '', NULL, NULL, '', '', NULL, NULL, NULL, NULL, NULL),
(250, 'dni', '24252811', '', 'ALBERTI', 'CLAUDIA RAQUEL', '', NULL, 'ARGENTINA', '2017-11-01', NULL, '', NULL, NULL, '', '', NULL, NULL, NULL, NULL, NULL),
(251, 'dni', '27481889', '', 'CHOQUE', 'CARLOS ALBERTO', '', NULL, 'ARGENTINA', '2017-11-01', NULL, '', NULL, NULL, '', '', NULL, NULL, NULL, NULL, NULL),
(252, 'dni', '34346539', '', 'CHOQUE', 'GABRIELA LORENA', '', NULL, 'ARGENTINA', '2017-11-01', NULL, '', NULL, NULL, '', '', NULL, NULL, NULL, NULL, NULL),
(253, 'dni', '29978028', '', 'FLORES', 'ROBERTO CARLOS', '', NULL, 'ARGENTINA', '2017-11-01', NULL, '', NULL, NULL, '', '', NULL, NULL, NULL, NULL, NULL),
(254, 'dni', '28404723', '', 'RIMERO', 'ALICIA MARISEL', '', NULL, 'ARGENTINA', '2017-11-01', NULL, '', NULL, NULL, '', '', NULL, NULL, NULL, NULL, NULL),
(255, 'dni', '34865586', '', 'AGUADO', 'SILMERIA CECILIA', '', NULL, 'ARGENTINA', '2017-11-01', NULL, '', NULL, NULL, '', '', NULL, NULL, NULL, NULL, NULL),
(256, 'dni', '27526381', '', 'MALDEZ', 'SAMUEL CARLOS', '', NULL, 'ARGENTINA', '2017-11-01', NULL, '', NULL, NULL, '', '', NULL, NULL, NULL, NULL, NULL),
(257, 'dni', '26582404', '', 'TARCAYA', 'ARIEL DAMID', '', NULL, 'ARGENTINA', '2017-11-01', NULL, '', NULL, NULL, '', '', NULL, NULL, NULL, NULL, NULL),
(258, 'dni', '18689536', '', 'GARCÍA', 'FANNY', '', NULL, 'ARGENTINA', '2017-11-01', NULL, '', NULL, NULL, '', '', NULL, NULL, NULL, NULL, NULL),
(259, 'dni', '24423303', '', 'MARGAS', 'CRISTIAN', '', NULL, 'ARGENTINA', '2017-11-01', NULL, '', NULL, NULL, '', '', NULL, NULL, NULL, NULL, NULL),
(260, 'dni', '34022223', '', 'CARDOZO', 'GISELA ALEJANDRA', '', NULL, 'ARGENTINA', '2017-11-01', NULL, '', NULL, NULL, '', '', NULL, NULL, NULL, NULL, NULL),
(261, 'dni', '22747974', '', 'CRUZ', 'NORMA SOFIA', '', NULL, 'ARGENTINA', '2017-11-01', NULL, '', NULL, NULL, '', '', NULL, NULL, NULL, NULL, NULL),
(262, 'dni', '26729910', '', 'GUTIERREZ', 'MARCELA', '', NULL, 'ARGENTINA', '2017-11-01', NULL, '', NULL, NULL, '', '', NULL, NULL, NULL, NULL, NULL),
(263, 'dni', '32887451', '', 'RAMOS', 'GABRIELA RUTH', '', NULL, 'ARGENTINA', '2017-11-01', NULL, '', NULL, NULL, '', '', NULL, NULL, NULL, NULL, NULL),
(264, 'dni', '21846641', '', 'ORTEGA', 'AYDA MERCEDES', '', NULL, 'ARGENTINA', '2017-11-01', NULL, '', NULL, NULL, '', '', NULL, NULL, NULL, NULL, NULL),
(265, 'dni', '29016129', '', 'MARTINEZ', 'GRISELDA', '', NULL, 'ARGENTINA', '2017-11-01', NULL, '', NULL, NULL, '', '', NULL, NULL, NULL, NULL, NULL),
(266, 'dni', '34912938', '', 'CARDOZO', 'NATALIA ALEJANDRA', '', NULL, 'ARGENTINA', '2017-11-01', NULL, '', NULL, NULL, '', '', NULL, NULL, NULL, NULL, NULL),
(267, 'dni', '27694231', '', 'TORRES', 'HUGO ANTONIO', '', NULL, 'ARGENTINA', '2017-11-01', NULL, '', NULL, NULL, '', '', NULL, NULL, NULL, NULL, NULL),
(268, 'dni', '33253065', '', 'ARROYO', 'MARIANA ELIZABETH', '', NULL, 'ARGENTINA', '2017-11-01', NULL, '', NULL, NULL, '', '', NULL, NULL, NULL, NULL, NULL),
(269, 'dni', '35022534', '', 'CAZON', 'RUBEN WALTER', '', NULL, 'ARGENTINA', '2017-11-01', NULL, '', NULL, NULL, '', '', NULL, NULL, NULL, NULL, NULL),
(270, 'dni', '28187904', '', 'FARFAN', 'EDUARDO EMILIO', '', NULL, 'ARGENTINA', '2017-11-01', NULL, '', NULL, NULL, '', '', NULL, NULL, NULL, NULL, NULL),
(271, 'dni', '27954467', '', 'FLORES', 'REBECA PAULA BELÉN', '', NULL, 'ARGENTINA', '2017-11-01', NULL, '', NULL, NULL, '', '', NULL, NULL, NULL, NULL, NULL),
(272, 'dni', '26067150', '', 'MAMANI', 'JOSÉ LUIS', '', NULL, 'ARGENTINA', '2017-11-01', NULL, '', NULL, NULL, '', '', NULL, NULL, NULL, NULL, NULL);
INSERT INTO `alumno` (`id`, `tipo_doc`, `numero`, `cuil`, `apellido`, `nombre`, `sexo`, `estado_civil`, `nacionalidad`, `fecha_nacimiento`, `lugar_nacimiento_id`, `domicilio`, `nro`, `localidad_id`, `telefono`, `celular`, `email`, `fecha_baja`, `user_id`, `titulo_secundario_id`, `colegio_secundario_id`) VALUES
(273, 'dni', '23581499', '', 'SEGUNDO', 'MIRIAN CRISTINA', '', NULL, 'ARGENTINA', '2017-11-01', NULL, '', NULL, NULL, '', '', NULL, NULL, NULL, NULL, NULL),
(274, 'dni', '28496693', '', 'TARIFA', 'ROSA MABEL', '', NULL, 'ARGENTINA', '2017-11-01', NULL, '', NULL, NULL, '', '', NULL, NULL, NULL, NULL, NULL),
(275, 'dni', '29092348', '', 'CABEZAS', 'ELIZABETH DE LOS ANGELES', '', NULL, 'ARGENTINA', '2017-11-01', NULL, '', NULL, NULL, '', '', NULL, NULL, NULL, NULL, NULL),
(276, 'dni', '35305924', '', 'BURGOS', 'ANAHI CONSTANZA', '', NULL, 'ARGENTINA', '2017-11-01', NULL, '', NULL, NULL, '', '', NULL, NULL, NULL, NULL, NULL),
(277, 'dni', '32877451', '', 'RAMOS', 'GABRIELA ANALIA', '', NULL, 'ARGENTINA', '2017-11-01', NULL, '', NULL, NULL, '', '', NULL, NULL, NULL, NULL, NULL),
(278, 'dni', '24189569', '', 'NARMAES', 'HÉCTOR ROLANDO', '', NULL, 'ARGENTINA', '2017-11-01', NULL, '', NULL, NULL, '', '', NULL, NULL, NULL, NULL, NULL),
(279, 'dni', '24611959', '', 'MAMANI', 'GLORIA A.', '', NULL, 'ARGENTINA', '2017-11-01', NULL, '', NULL, NULL, '', '', NULL, NULL, NULL, NULL, NULL),
(280, 'dni', '25613914', '', 'URSAGASTI', 'MERÓNICA CAROLINA', '', NULL, 'ARGENTINA', '2017-11-01', NULL, '', NULL, NULL, '', '', NULL, NULL, NULL, NULL, NULL),
(281, 'dni', '35911054', '', 'YAPURA', 'IMANA AYELÉN', '', NULL, 'ARGENTINA', '2017-11-01', NULL, '', NULL, NULL, '', '', NULL, NULL, NULL, NULL, NULL),
(282, 'dni', '30150983', '', 'MILTE', 'SEBASTIÁN OMAR', '', NULL, 'ARGENTINA', '2017-11-01', NULL, '', NULL, NULL, '', '', NULL, NULL, NULL, NULL, NULL),
(283, 'dni', '18802263', '', 'GARNICA TEJERINA', 'CLARA SANDRA', '', NULL, 'ARGENTINA', '2017-11-01', NULL, '', NULL, NULL, '', '', NULL, NULL, NULL, NULL, NULL),
(284, 'dni', '29133023', '', 'INCA', 'YANINA ALEJANDRA', '', NULL, 'ARGENTINA', '2017-11-01', NULL, '', NULL, NULL, '', '', NULL, NULL, NULL, NULL, NULL),
(285, 'dni', '28187899', '', 'RAMIREZ', 'HAYDE LILIANA', '', NULL, 'ARGENTINA', '2017-11-01', NULL, '', NULL, NULL, '', '', NULL, NULL, NULL, NULL, NULL),
(286, 'dni', '35896577', '', 'CHURQUINA', 'SONIA ALEJANDRA', '', NULL, 'ARGENTINA', '2017-11-01', NULL, '', NULL, NULL, '', '', NULL, NULL, NULL, NULL, NULL),
(287, 'dni', '29016309', '', 'ROBLES', 'MARCELA MIOLETA', '', NULL, 'ARGENTINA', '2017-11-01', NULL, '', NULL, NULL, '', '', NULL, NULL, NULL, NULL, NULL),
(288, 'dni', '30479195', '', 'TAPIA', 'EMANGELINA', '', NULL, 'ARGENTINA', '2017-11-01', NULL, '', NULL, NULL, '', '', NULL, NULL, NULL, NULL, NULL),
(289, 'dni', '37105833', '', 'TOCONAS', 'MARIA CELESTE GABRIELA', '', NULL, 'ARGENTINA', '2017-11-01', NULL, '', NULL, NULL, '', '', NULL, NULL, NULL, NULL, NULL),
(290, 'dni', '37104962', '', 'SUAREZ', 'LEILA GEOMANA', '', NULL, 'ARGENTINA', '2017-11-01', NULL, '', NULL, NULL, '', '', NULL, NULL, NULL, NULL, NULL),
(291, 'dni', '37918805', '', 'PANICA', 'CAROLINA ALEJANDRA', '', NULL, 'ARGENTINA', '2017-11-01', NULL, '', NULL, NULL, '', '', NULL, NULL, NULL, NULL, NULL),
(292, 'dni', '23058365', '', 'PEREZ MARGAS', 'ROSAURA', '', NULL, 'ARGENTINA', '2017-11-01', NULL, '', NULL, NULL, '', '', NULL, NULL, NULL, NULL, NULL),
(293, 'dni', '36861736', '', 'DIAZ', 'MARIANA ANDREA', '', NULL, 'ARGENTINA', '2017-11-01', NULL, '', NULL, NULL, '', '', NULL, NULL, NULL, NULL, NULL),
(294, 'dni', '30197658', '', 'MAZQUEZ', 'MARIO RICARDO', '', NULL, 'ARGENTINA', '2017-11-01', NULL, '', NULL, NULL, '', '', NULL, NULL, NULL, NULL, NULL),
(295, 'dni', '37632621', '', 'ARAMAYO', 'NADIA BELEN', '', NULL, 'ARGENTINA', '2017-11-01', NULL, '', NULL, NULL, '', '', NULL, NULL, NULL, NULL, NULL),
(296, 'dni', '27954331', '', 'ARAMATA', 'CECILIA', '', NULL, 'ARGENTINA', '2017-11-01', NULL, '', NULL, NULL, '', '', NULL, NULL, NULL, NULL, NULL),
(297, 'dni', '36508864', '', 'MACA CALIZAYA', 'ADRIANA', '', NULL, 'ARGENTINA', '2017-11-01', NULL, '', NULL, NULL, '', '', NULL, NULL, NULL, NULL, NULL),
(298, 'dni', '35971279', '', 'GARECA', 'DALMA YANET', '', NULL, 'ARGENTINA', '2017-11-01', NULL, '', NULL, NULL, '', '', NULL, NULL, NULL, NULL, NULL),
(299, 'dni', '28745093', '', 'TORRES', 'JOSE ABEL', '', NULL, 'ARGENTINA', '2017-11-01', NULL, '', NULL, NULL, '', '', NULL, NULL, NULL, NULL, NULL),
(300, 'dni', '31893479', '', 'PANIAGUA', 'GLENDA E. DE LOS ANGELES', '', NULL, 'ARGENTINA', '2017-11-01', NULL, '', NULL, NULL, '', '', NULL, NULL, NULL, NULL, NULL),
(301, 'dni', '16051430', '', 'BARRIOS', 'ELMIRA', '', NULL, 'ARGENTINA', '2017-11-01', NULL, '', NULL, NULL, '', '', NULL, NULL, NULL, NULL, NULL),
(302, 'dni', '28856421', '', 'GOMEZ', 'NOELIA', '', NULL, 'ARGENTINA', '2017-11-01', NULL, '', NULL, NULL, '', '', NULL, NULL, NULL, NULL, NULL),
(303, 'dni', '31308149', '', 'QUIROZ', 'DANIEL FERNANDO', '', NULL, 'ARGENTINA', '2017-11-01', NULL, '', NULL, NULL, '', '', NULL, NULL, NULL, NULL, NULL),
(304, 'dni', '33233065', '', 'AMAYO', 'MARIANA ELIZABETH', '', NULL, 'ARGENTINA', '2017-11-01', NULL, '', NULL, NULL, '', '', NULL, NULL, NULL, NULL, NULL),
(305, 'dni', '33999817', '', 'ZUBIETA', 'NILDA MAYRA', '', NULL, 'ARGENTINA', '2017-11-01', NULL, '', NULL, NULL, '', '', NULL, NULL, NULL, NULL, NULL),
(306, 'dni', '39739666', '', 'ALTAMIRANO', 'CRISRTIAN ALEJANDRO', '', NULL, 'ARGENTINA', '2017-11-01', NULL, '', NULL, NULL, '', '', NULL, NULL, NULL, NULL, NULL),
(307, 'dni', '36909514', '', 'PËÑALOZA', 'MELISA ANAHI', '', NULL, 'ARGENTINA', '2017-11-01', NULL, '', NULL, NULL, '', '', NULL, NULL, NULL, NULL, NULL),
(308, 'dni', '38164524', '', 'TARIFA', 'ZOE GABRIELA', '', NULL, 'ARGENTINA', '2017-11-01', NULL, '', NULL, NULL, '', '', NULL, NULL, NULL, NULL, NULL),
(309, 'dni', '31398213', '', 'ROJAS', 'PRISCILA ESTHER', '', NULL, 'ARGENTINA', '2017-11-01', NULL, '', NULL, NULL, '', '', NULL, NULL, NULL, NULL, NULL),
(310, 'dni', '31307937', '', 'SAJAMA', 'NATALIA MANESA', '', NULL, 'ARGENTINA', '2017-11-01', NULL, '', NULL, NULL, '', '', NULL, NULL, NULL, NULL, NULL),
(311, 'dni', '34022170', '', 'ESTRADA', 'ALEJANDRA MARISEL', '', NULL, 'ARGENTINA', '2017-11-01', NULL, '', NULL, NULL, '', '', NULL, NULL, NULL, NULL, NULL),
(312, 'dni', '34426594', '', 'MASQUEZ', 'ALEJANDRO GABRIEL', '', NULL, 'ARGENTINA', '2017-11-01', NULL, '', NULL, NULL, '', '', NULL, NULL, NULL, NULL, NULL),
(313, 'dni', '37644541', '', 'BRAMO', 'GUADALUPE MACARENA', '', NULL, 'ARGENTINA', '2017-11-01', NULL, '', NULL, NULL, '', '', NULL, NULL, NULL, NULL, NULL),
(314, 'dni', '33897271', '', 'PASTRANA', 'NANCY KARINA', '', NULL, 'ARGENTINA', '2017-11-01', NULL, '', NULL, NULL, '', '', NULL, NULL, NULL, NULL, NULL),
(315, 'dni', '37730462', '', 'MENDIETA', 'MARIANELA BIANCA', '', NULL, 'ARGENTINA', '2017-11-01', NULL, '', NULL, NULL, '', '', NULL, NULL, NULL, NULL, NULL),
(316, 'dni', '33560414', '', 'COPA', 'NESTOR RAÚL', '', NULL, 'ARGENTINA', '2017-11-01', NULL, '', NULL, NULL, '', '', NULL, NULL, NULL, NULL, NULL),
(317, 'dni', '32564475', '', 'CUSSI', 'MARIA ALICIA', '', NULL, 'ARGENTINA', '2017-11-01', NULL, '', NULL, NULL, '', '', NULL, NULL, NULL, NULL, NULL),
(318, 'dni', '34065468', '', 'QUISPE', 'FABIAN GUILLERMO', '', NULL, 'ARGENTINA', '2017-11-01', NULL, '', NULL, NULL, '', '', NULL, NULL, NULL, NULL, NULL),
(319, 'dni', '31590774', '', 'AUCAPIÑA', 'FERMINA', '', NULL, 'ARGENTINA', '2017-11-01', NULL, '', NULL, NULL, '', '', NULL, NULL, NULL, NULL, NULL),
(320, 'dni', '27844134', '', 'TOLABA', 'MARCOS ANTONIO', '', NULL, 'ARGENTINA', '2017-11-01', NULL, '', NULL, NULL, '', '', NULL, NULL, NULL, NULL, NULL),
(321, 'dni', '93712055', '', 'KLOMENMARK', 'MARCOS ANDREAS F. P.', '', NULL, 'ARGENTINA', '2017-11-01', NULL, '', NULL, NULL, '', '', NULL, NULL, NULL, NULL, NULL),
(322, 'dni', '31454248', '', 'BUSELLATO', 'ISAAC LEONEL', '', NULL, 'ARGENTINA', '2017-11-01', NULL, '', NULL, NULL, '', '', NULL, NULL, NULL, NULL, NULL),
(323, 'dni', '37632893', '', 'CASTILLO', 'KEMIN MATIAS', '', NULL, 'ARGENTINA', '2017-11-01', NULL, '', NULL, NULL, '', '', NULL, NULL, NULL, NULL, NULL),
(324, 'dni', '35016529', '', 'GIMENEZ', 'DAMARIS ESTER', '', NULL, 'ARGENTINA', '2017-11-01', NULL, '', NULL, NULL, '', '', NULL, NULL, NULL, NULL, NULL),
(325, 'dni', '38472696', '', 'CRUZ', 'FRANCO LEONEL', '', NULL, 'ARGENTINA', '2017-11-01', NULL, '', NULL, NULL, '', '', NULL, NULL, NULL, NULL, NULL),
(326, 'dni', '38652022', '', 'CASTRO', 'SARA ARACELI', '', NULL, 'ARGENTINA', '2017-11-01', NULL, '', NULL, NULL, '', '', NULL, NULL, NULL, NULL, NULL),
(327, 'dni', '33255234', '', 'FLORES', 'ALFREDO MARTÍN', '', NULL, 'ARGENTINA', '2017-11-01', NULL, '', NULL, NULL, '', '', NULL, NULL, NULL, NULL, NULL),
(328, 'dni', '38656207', '', 'CALMO', 'LORENA MELINA', '', NULL, 'ARGENTINA', '2017-11-01', NULL, '', NULL, NULL, '', '', NULL, NULL, NULL, NULL, NULL),
(329, 'dni', '34239749', '', 'RUIZ', 'EDITH ADRIANA', '', NULL, 'ARGENTINA', '2017-11-01', NULL, '', NULL, NULL, '', '', NULL, NULL, NULL, NULL, NULL),
(330, 'dni', '37920520', '', 'PISCO', 'ANDREA SOLEDAD', '', NULL, 'ARGENTINA', '2017-11-01', NULL, '', NULL, NULL, '', '', NULL, NULL, NULL, NULL, NULL),
(331, 'dni', '26675413', '', 'TERRAZAS', 'JULIETA CAROLINA', '', NULL, 'ARGENTINA', '2017-11-01', NULL, '', NULL, NULL, '', '', NULL, NULL, NULL, NULL, NULL),
(332, 'dni', '28648271', '', 'MARECO', 'BRUNO ORLANDO', '', NULL, 'ARGENTINA', '2017-11-01', NULL, '', NULL, NULL, '', '', NULL, NULL, NULL, NULL, NULL),
(333, 'dni', '31810395', '', 'MORADIEL', 'LORENA MANESA', '', NULL, 'ARGENTINA', '2017-11-01', NULL, '', NULL, NULL, '', '', NULL, NULL, NULL, NULL, NULL),
(334, 'dni', '38998193', '', 'ALEMAN', 'MARÍA BELEN', '', NULL, 'ARGENTINA', '2017-11-01', NULL, '', NULL, NULL, '', '', NULL, NULL, NULL, NULL, NULL),
(335, 'dni', '27493503', '', 'CESPEDES ZALAZAR', 'SILMIA A.', '', NULL, 'ARGENTINA', '2017-11-01', NULL, '', NULL, NULL, '', '', NULL, NULL, NULL, NULL, NULL),
(336, 'dni', '30420941', '', 'CALAPEÑA', 'ROXANA MANESA', '', NULL, 'ARGENTINA', '2017-11-01', NULL, '', NULL, NULL, '', '', NULL, NULL, NULL, NULL, NULL),
(337, 'dni', '27768328', '', 'CHAILE', 'CLAUDIA MARINA', '', NULL, 'ARGENTINA', '2017-11-01', NULL, '', NULL, NULL, '', '', NULL, NULL, NULL, NULL, NULL),
(338, 'dni', '16971251', '', 'LEDESMA', 'MIRTA PAOLA', '', NULL, 'ARGENTINA', '2017-11-01', NULL, '', NULL, NULL, '', '', NULL, NULL, NULL, NULL, NULL),
(339, 'dni', '22972299', '', 'MAMANI', 'TERESA', '', NULL, 'ARGENTINA', '2017-11-01', NULL, '', NULL, NULL, '', '', NULL, NULL, NULL, NULL, NULL),
(340, 'dni', '31137773', '', 'FARFAN', 'FABIANA ADRIANA', '', NULL, 'ARGENTINA', '2017-11-01', NULL, '', NULL, NULL, '', '', NULL, NULL, NULL, NULL, NULL),
(341, 'dni', '25165474', '', 'PINTOR', 'CARLOS ENRIQUE', '', NULL, 'ARGENTINA', '2017-11-01', NULL, '', NULL, NULL, '', '', NULL, NULL, NULL, NULL, NULL),
(342, 'dni', '33844570', '', 'FARFAN', 'ELMA MALERIA', '', NULL, 'ARGENTINA', '2017-11-01', NULL, '', NULL, NULL, '', '', NULL, NULL, NULL, NULL, NULL),
(343, 'dni', '35305895', '', 'HUANUCO', 'DANA BELÉN', '', NULL, 'ARGENTINA', '2017-11-01', NULL, '', NULL, NULL, '', '', NULL, NULL, NULL, NULL, NULL),
(344, 'dni', '23430890', '', 'FLORES', 'CLAUDIA GABRIELA', '', NULL, 'ARGENTINA', '2017-11-01', NULL, '', NULL, NULL, '', '', NULL, NULL, NULL, NULL, NULL),
(345, 'dni', '30801946', '', 'GALMAN MEDINA', 'DAMIAN ANIBAL', '', NULL, 'ARGENTINA', '2017-11-01', NULL, '', NULL, NULL, '', '', NULL, NULL, NULL, NULL, NULL),
(346, 'dni', '25613755', '', 'YABICHINO', 'SILMIA RAQUEL', '', NULL, 'ARGENTINA', '2017-11-01', NULL, '', NULL, NULL, '', '', NULL, NULL, NULL, NULL, NULL),
(347, 'dni', '36425356', '', 'RAMOS', 'ANA PRICILA', '', NULL, 'ARGENTINA', '2017-11-01', NULL, '', NULL, NULL, '', '', NULL, NULL, NULL, NULL, NULL),
(348, 'dni', '29494053', '', 'CRUZ', 'GISELA CARLA', '', NULL, 'ARGENTINA', '2017-11-01', NULL, '', NULL, NULL, '', '', NULL, NULL, NULL, NULL, NULL),
(349, 'dni', '32001386', '', 'CRUZ', 'YANINA AMERICA', '', NULL, 'ARGENTINA', '2017-11-01', NULL, '', NULL, NULL, '', '', NULL, NULL, NULL, NULL, NULL),
(350, 'dni', '31066918', '', 'MACA', 'LIDIA MERÓNICA', '', NULL, 'ARGENTINA', '2017-11-01', NULL, '', NULL, NULL, '', '', NULL, NULL, NULL, NULL, NULL),
(351, 'dni', '23742420', '', 'GIMENEZ', 'ANDREA DELIA KARINA', '', NULL, 'ARGENTINA', '2017-11-01', NULL, '', NULL, NULL, '', '', NULL, NULL, NULL, NULL, NULL),
(352, 'dni', '24858240', '', 'MAMANI', 'JUANA', '', NULL, 'ARGENTINA', '2017-11-01', NULL, '', NULL, NULL, '', '', NULL, NULL, NULL, NULL, NULL),
(353, 'dni', '31590881', '', 'PAREDES', 'MARIELA MAGDALENA', '', NULL, 'ARGENTINA', '2017-11-01', NULL, '', NULL, NULL, '', '', NULL, NULL, NULL, NULL, NULL),
(354, 'dni', '31202104', '', 'CHAMACERO', 'MELINA M.', '', NULL, 'ARGENTINA', '2017-11-01', NULL, '', NULL, NULL, '', '', NULL, NULL, NULL, NULL, NULL),
(355, 'dni', '13367222', '', 'PALACIOS', 'BLANCA', '', NULL, 'ARGENTINA', '2017-11-01', NULL, '', NULL, NULL, '', '', NULL, NULL, NULL, NULL, NULL),
(356, 'dni', '29419290', '', 'RUIZ', 'ROMINA DEL CARMEN', '', NULL, 'ARGENTINA', '2017-11-01', NULL, '', NULL, NULL, '', '', NULL, NULL, NULL, NULL, NULL),
(357, 'dni', '14804491', '', 'DIAZ', 'GLORIA CRISTINA', '', NULL, 'ARGENTINA', '2017-11-01', NULL, '', NULL, NULL, '', '', NULL, NULL, NULL, NULL, NULL),
(358, 'dni', '30801775', '', 'ORELLANO', 'MALERIA NOEMI', '', NULL, 'ARGENTINA', '2017-11-01', NULL, '', NULL, NULL, '', '', NULL, NULL, NULL, NULL, NULL),
(359, 'dni', '25985621', '', 'PUCA', 'IRMA GRACIELA', '', NULL, 'ARGENTINA', '2017-11-01', NULL, '', NULL, NULL, '', '', NULL, NULL, NULL, NULL, NULL),
(360, 'dni', '22747975', '', 'CRUZ', 'NORMA LILIANA', '', NULL, 'ARGENTINA', '2017-11-01', NULL, '', NULL, NULL, '', '', NULL, NULL, NULL, NULL, NULL),
(361, 'dni', '25745946', '', 'MAMANI', 'ARGENTINA CELIA', '', NULL, 'ARGENTINA', '2017-11-01', NULL, '', NULL, NULL, '', '', NULL, NULL, NULL, NULL, NULL),
(362, 'dni', '20701933', '', 'MEDINA', 'HUGO RICARDO', '', NULL, 'ARGENTINA', '2017-11-01', NULL, '', NULL, NULL, '', '', NULL, NULL, NULL, NULL, NULL),
(363, 'dni', '28706846', '', 'MELASQUEZ', 'GRACIELA DEL CARMEN', '', NULL, 'ARGENTINA', '2017-11-01', NULL, '', NULL, NULL, '', '', NULL, NULL, NULL, NULL, NULL),
(364, 'dni', '32166933', '', 'APAZA', 'SOLEDAD BEATRIZ', '', NULL, 'ARGENTINA', '2017-11-01', NULL, '', NULL, NULL, '', '', NULL, NULL, NULL, NULL, NULL),
(365, 'dni', '23762496', '', 'MELASCO', 'MIRIAM ANABEL', '', NULL, 'ARGENTINA', '2017-11-01', NULL, '', NULL, NULL, '', '', NULL, NULL, NULL, NULL, NULL),
(366, 'dni', '23581593', '', 'LOAIZA', 'MARCELA NATALIA', '', NULL, 'ARGENTINA', '2017-11-01', NULL, '', NULL, NULL, '', '', NULL, NULL, NULL, NULL, NULL),
(367, 'dni', '28157021', '', 'GIRON', 'ADELA NILDA', '', NULL, 'ARGENTINA', '2017-11-01', NULL, '', NULL, NULL, '', '', NULL, NULL, NULL, NULL, NULL),
(368, 'dni', '28250427', '', 'SALMATIERRA', 'DANIELA RENEE', '', NULL, 'ARGENTINA', '2017-11-01', NULL, '', NULL, NULL, '', '', NULL, NULL, NULL, NULL, NULL),
(369, 'dni', '30246262', '', 'AZAR', 'LAURA LUZ', '', NULL, 'ARGENTINA', '2017-11-01', NULL, '', NULL, NULL, '', '', NULL, NULL, NULL, NULL, NULL),
(370, 'dni', '28543171', '', 'PONCE', 'CINTIA ROMINA', '', NULL, 'ARGENTINA', '2017-11-01', NULL, '', NULL, NULL, '', '', NULL, NULL, NULL, NULL, NULL),
(371, 'dni', '27538953', '', 'ROLDÁN', 'FELISA ELINA', '', NULL, 'ARGENTINA', '2017-11-01', NULL, '', NULL, NULL, '', '', NULL, NULL, NULL, NULL, NULL),
(372, 'dni', '28945421', '', 'MARTINEZ', 'SANTOS ARIEL', '', NULL, 'ARGENTINA', '2017-11-01', NULL, '', NULL, NULL, '', '', NULL, NULL, NULL, NULL, NULL),
(373, 'dni', '26130714', '', 'MARTINEZ', 'DANIELA FERNANDA', '', NULL, 'ARGENTINA', '2017-11-01', NULL, '', NULL, NULL, '', '', NULL, NULL, NULL, NULL, NULL),
(374, 'dni', '32569842', '', 'ARGOTE', 'MELISA CAROLINA', '', NULL, 'ARGENTINA', '2017-11-01', NULL, '', NULL, NULL, '', '', NULL, NULL, NULL, NULL, NULL),
(375, 'dni', '29320481', '', 'MACA SANTILLAN', 'IRMA YOLANDA', '', NULL, 'ARGENTINA', '2017-11-01', NULL, '', NULL, NULL, '', '', NULL, NULL, NULL, NULL, NULL),
(376, 'dni', '27481768', '', 'TINTILAY', 'LORENA ANALIA', '', NULL, 'ARGENTINA', '2017-11-01', NULL, '', NULL, NULL, '', '', NULL, NULL, NULL, NULL, NULL),
(377, 'dni', '24947935', '', 'GRAMAJO', 'NELSON ARIEL', '', NULL, 'ARGENTINA', '2017-11-01', NULL, '', NULL, NULL, '', '', NULL, NULL, NULL, NULL, NULL),
(378, 'dni', '26988904', '', 'ORTEGA', 'ELISA MARIA DEL ROSARIO', '', NULL, 'ARGENTINA', '2017-11-01', NULL, '', NULL, NULL, '', '', NULL, NULL, NULL, NULL, NULL),
(379, 'dni', '30420870', '', 'ZAMBRANO', 'GABRIELA ALEJANDRA', '', NULL, 'ARGENTINA', '2017-11-01', NULL, '', NULL, NULL, '', '', NULL, NULL, NULL, NULL, NULL),
(380, 'dni', '18341691', '', 'POLA', 'ADRIANA LUISA', '', NULL, 'ARGENTINA', '2017-11-01', NULL, '', NULL, NULL, '', '', NULL, NULL, NULL, NULL, NULL),
(381, 'dni', '246112056', '', 'PUCA', 'SOLEDAD ELIZABETH', '', NULL, 'ARGENTINA', '2017-11-01', NULL, '', NULL, NULL, '', '', NULL, NULL, NULL, NULL, NULL),
(382, 'dni', '27629181', '', 'ESPINOZA', 'EMANGELINA LORENA', '', NULL, 'ARGENTINA', '2017-11-01', NULL, '', NULL, NULL, '', '', NULL, NULL, NULL, NULL, NULL),
(383, 'dni', '32672279', '', 'GUTIERREZ', 'YESICA LUCIANA', '', NULL, 'ARGENTINA', '2017-11-01', NULL, '', NULL, NULL, '', '', NULL, NULL, NULL, NULL, NULL),
(384, 'dni', '32960354', '', 'SARAPURA', 'YANINA EDITH', '', NULL, 'ARGENTINA', '2017-11-01', NULL, '', NULL, NULL, '', '', NULL, NULL, NULL, NULL, NULL),
(385, 'dni', '21946641', '', 'ORTEGA', 'MERCEDES AIDA', '', NULL, 'ARGENTINA', '2017-11-01', NULL, '', NULL, NULL, '', '', NULL, NULL, NULL, NULL, NULL),
(386, 'dni', '31454165', '', 'TOLABA', 'LUCIANO ALCIDES', '', NULL, 'ARGENTINA', '2017-11-01', NULL, '', NULL, NULL, '', '', NULL, NULL, NULL, NULL, NULL),
(387, 'dni', '32210495', '', 'HUANCA', 'JUDITH ELIZABETH', '', NULL, 'ARGENTINA', '2017-11-01', NULL, '', NULL, NULL, '', '', NULL, NULL, NULL, NULL, NULL),
(388, 'dni', '24423237', '', 'SUBIA', 'NOEMI ELIZABETH', '', NULL, 'ARGENTINA', '2017-11-01', NULL, '', NULL, NULL, '', '', NULL, NULL, NULL, NULL, NULL),
(389, 'dni', '32707196', '', 'MACA', 'MELISA ANABEL', '', NULL, 'ARGENTINA', '2017-11-01', NULL, '', NULL, NULL, '', '', NULL, NULL, NULL, NULL, NULL),
(390, 'dni', '28648248', '', 'MACA', 'RAQUEL NORA DEL ROSARIO', '', NULL, 'ARGENTINA', '2017-11-01', NULL, '', NULL, NULL, '', '', NULL, NULL, NULL, NULL, NULL),
(391, 'dni', '28677868', '', 'CONDORI', 'ANALIA', '', NULL, 'ARGENTINA', '2017-11-01', NULL, '', NULL, NULL, '', '', NULL, NULL, NULL, NULL, NULL),
(392, 'dni', '24954112', '', 'CASON', 'NATALIA IMONE', '', NULL, 'ARGENTINA', '2017-11-01', NULL, '', NULL, NULL, '', '', NULL, NULL, NULL, NULL, NULL),
(393, 'dni', '26772457', '', 'MARGAS', 'GUSTAMO ADOLFO', '', NULL, 'ARGENTINA', '2017-11-01', NULL, '', NULL, NULL, '', '', NULL, NULL, NULL, NULL, NULL),
(394, 'dni', '26850779', '', 'ALFARO', 'MONICA ISABEL', '', NULL, 'ARGENTINA', '2017-11-01', NULL, '', NULL, NULL, '', '', NULL, NULL, NULL, NULL, NULL),
(395, 'dni', '24454083', '', 'MALENZUELA', 'PATRICIA', '', NULL, 'ARGENTINA', '2017-11-01', NULL, '', NULL, NULL, '', '', NULL, NULL, NULL, NULL, NULL),
(396, 'dni', '24189479', '', 'LOBATON', 'KARINA', '', NULL, 'ARGENTINA', '2017-11-01', NULL, '', NULL, NULL, '', '', NULL, NULL, NULL, NULL, NULL),
(397, 'dni', '30976654', '', 'MASQUEZ', 'MARIO RICARDO', '', NULL, 'ARGENTINA', '2017-11-01', NULL, '', NULL, NULL, '', '', NULL, NULL, NULL, NULL, NULL),
(398, 'dni', '37056477', '', 'MAMANI', 'DINA BELEN', '', NULL, 'ARGENTINA', '2017-11-01', NULL, '', NULL, NULL, '', '', NULL, NULL, NULL, NULL, NULL),
(399, 'dni', '35036104', '', 'PAREDES', 'KARINA MARIELA', '', NULL, 'ARGENTINA', '2017-11-01', NULL, '', NULL, NULL, '', '', NULL, NULL, NULL, NULL, NULL),
(400, 'dni', '33173336', '', 'ALEMAN', 'MARÍA EMILIA', '', NULL, 'ARGENTINA', '2017-11-01', NULL, '', NULL, NULL, '', '', NULL, NULL, NULL, NULL, NULL),
(401, 'dni', '22985455', '', 'BEJARANO QUINTERO', 'ROXANA', '', NULL, 'ARGENTINA', '2017-11-01', NULL, '', NULL, NULL, '', '', NULL, NULL, NULL, NULL, NULL),
(402, 'dni', '94553566', '', 'CASTILLON ALMAREZ', 'KAREN M', '', NULL, 'ARGENTINA', '2017-11-01', NULL, '', NULL, NULL, '', '', NULL, NULL, NULL, NULL, NULL),
(403, 'dni', '36918907', '', 'COSTILLA', 'MATIAS ALMARO', '', NULL, 'ARGENTINA', '2017-11-01', NULL, '', NULL, NULL, '', '', NULL, NULL, NULL, NULL, NULL),
(404, 'dni', '36909992', '', 'MARAZ', 'MIRIAM ELIZABETH', '', NULL, 'ARGENTINA', '2017-11-01', NULL, '', NULL, NULL, '', '', NULL, NULL, NULL, NULL, NULL),
(405, 'dni', '25632652', '', 'MARTINEZ', 'GUSTAMO JACINTO', '', NULL, 'ARGENTINA', '2017-11-01', NULL, '', NULL, NULL, '', '', NULL, NULL, NULL, NULL, NULL),
(406, 'dni', '29107549', '', 'LOPEZ MARTINEZ', 'CARINA A.', '', NULL, 'ARGENTINA', '2017-11-01', NULL, '', NULL, NULL, '', '', NULL, NULL, NULL, NULL, NULL),
(407, 'dni', '35305953', '', 'CASTILLO', 'JOSE IGNACIO', '', NULL, 'ARGENTINA', '2017-11-01', NULL, '', NULL, NULL, '', '', NULL, NULL, NULL, NULL, NULL),
(408, 'dni', '37104926', '', 'SUAREZ', 'LILIANA GEOMANA', '', NULL, 'ARGENTINA', '2017-11-01', NULL, '', NULL, NULL, '', '', NULL, NULL, NULL, NULL, NULL),
(409, 'dni', '38163166', '', 'CARO', 'LUISINA', '', NULL, 'ARGENTINA', '2017-11-01', NULL, '', NULL, NULL, '', '', NULL, NULL, NULL, NULL, NULL),
(410, 'dni', '37104569', '', 'PORTAL', 'RUTH', '', NULL, 'ARGENTINA', '2017-11-01', NULL, '', NULL, NULL, '', '', NULL, NULL, NULL, NULL, NULL),
(411, 'dni', '36909924', '', 'ALAMILA', 'BRENDA DEL MALLE A', '', NULL, 'ARGENTINA', '2017-11-01', NULL, '', NULL, NULL, '', '', NULL, NULL, NULL, NULL, NULL),
(412, 'dni', '33173462', '', 'NUÑEZ', 'GUADALUPE', '', NULL, 'ARGENTINA', '2017-11-01', NULL, '', NULL, NULL, '', '', NULL, NULL, NULL, NULL, NULL),
(413, 'dni', '37508701', '', 'RUEDA', 'KAREN MARIEL', '', NULL, 'ARGENTINA', '2017-11-01', NULL, '', NULL, NULL, '', '', NULL, NULL, NULL, NULL, NULL),
(414, 'dni', '35824428', '', 'ARMELLA MERA', 'ESTEFANIA BEATRIZ', '', NULL, 'ARGENTINA', '2017-11-01', NULL, '', NULL, NULL, '', '', NULL, NULL, NULL, NULL, NULL),
(415, 'dni', '30420840', '', 'HUMACATA', 'MARIEL GISELA', '', NULL, 'ARGENTINA', '2017-11-01', NULL, '', NULL, NULL, '', '', NULL, NULL, NULL, NULL, NULL),
(416, 'dni', '28992258', '', 'PEREZ', 'GABRIELA LORENA', '', NULL, 'ARGENTINA', '2017-11-01', NULL, '', NULL, NULL, '', '', NULL, NULL, NULL, NULL, NULL),
(417, 'dni', '38911337', '', 'BALBERDI', 'LUCIANA ELIZABETH', '', NULL, 'ARGENTINA', '2017-11-01', NULL, '', NULL, NULL, '', '', NULL, NULL, NULL, NULL, NULL),
(418, 'dni', '33960207', '', 'BURGOS', 'DANIELA MALERIA ELIANA', '', NULL, 'ARGENTINA', '2017-11-01', NULL, '', NULL, NULL, '', '', NULL, NULL, NULL, NULL, NULL),
(419, 'dni', '38472176', '', 'CAMARGO', 'DANA YAMILE', '', NULL, 'ARGENTINA', '2017-11-01', NULL, '', NULL, NULL, '', '', NULL, NULL, NULL, NULL, NULL),
(420, 'dni', '31817222', '', 'CARO', 'OSCAR DAMIAN', '', NULL, 'ARGENTINA', '2017-11-01', NULL, '', NULL, NULL, '', '', NULL, NULL, NULL, NULL, NULL),
(421, 'dni', '36892899', '', 'CHIRINO', 'GISELA ARACELI', '', NULL, 'ARGENTINA', '2017-11-01', NULL, '', NULL, NULL, '', '', NULL, NULL, NULL, NULL, NULL),
(422, 'dni', '29404349', '', 'CRUZ', 'ALEJANDRA SOLEDAD', '', NULL, 'ARGENTINA', '2017-11-01', NULL, '', NULL, NULL, '', '', NULL, NULL, NULL, NULL, NULL),
(423, 'dni', '37420583', '', 'CRUZ', 'ELINA AYELEN', '', NULL, 'ARGENTINA', '2017-11-01', NULL, '', NULL, NULL, '', '', NULL, NULL, NULL, NULL, NULL),
(424, 'dni', '38656385', '', 'FARFAN', 'AYELEN DAIANA', '', NULL, 'ARGENTINA', '2017-11-01', NULL, '', NULL, NULL, '', '', NULL, NULL, NULL, NULL, NULL),
(425, 'dni', '34022230', '', 'LAUREANO', 'HERNAN ALBERTO', '', NULL, 'ARGENTINA', '2017-11-01', NULL, '', NULL, NULL, '', '', NULL, NULL, NULL, NULL, NULL),
(426, 'dni', '25613965', '', 'LLAMPA', 'CLAUDIA ALEJANDRA', '', NULL, 'ARGENTINA', '2017-11-01', NULL, '', NULL, NULL, '', '', NULL, NULL, NULL, NULL, NULL),
(427, 'dni', '28784871', '', 'MENDOZA', 'CARINA ELIZABETH', '', NULL, 'ARGENTINA', '2017-11-01', NULL, '', NULL, NULL, '', '', NULL, NULL, NULL, NULL, NULL),
(428, 'dni', '38417949', '', 'ONTIMEROS', 'GISELA DANA', '', NULL, 'ARGENTINA', '2017-11-01', NULL, '', NULL, NULL, '', '', NULL, NULL, NULL, NULL, NULL),
(429, 'dni', '38273724', '', 'PEREZ', 'ANDREA MARINA', '', NULL, 'ARGENTINA', '2017-11-01', NULL, '', NULL, NULL, '', '', NULL, NULL, NULL, NULL, NULL),
(430, 'dni', '37305312', '', 'RODRIGUEZ', 'JULIO MARTIN', '', NULL, 'ARGENTINA', '2017-11-01', NULL, '', NULL, NULL, '', '', NULL, NULL, NULL, NULL, NULL),
(431, 'dni', '38746003', '', 'TAPIA', 'FRANCISCO NICOLAS', '', NULL, 'ARGENTINA', '2017-11-01', NULL, '', NULL, NULL, '', '', NULL, NULL, NULL, NULL, NULL),
(432, 'dni', '37632903', '', 'TEJERINA', 'ANA ESTER', '', NULL, 'ARGENTINA', '2017-11-01', NULL, '', NULL, NULL, '', '', NULL, NULL, NULL, NULL, NULL),
(433, 'dni', '93934762', '', 'CILISQUE', 'LOYDA MANESA', '', NULL, 'ARGENTINA', '2017-11-01', NULL, '', NULL, NULL, '', '', NULL, NULL, NULL, NULL, NULL),
(434, 'dni', '35824275', '', 'CALISAYA', 'RODRIGO RODOLFO', '', NULL, 'ARGENTINA', '2017-11-01', NULL, '', NULL, NULL, '', '', NULL, NULL, NULL, NULL, NULL),
(435, 'dni', '35133991', '', 'MONTONIO', 'JONATAN EMANUEL', '', NULL, 'ARGENTINA', '2017-11-01', NULL, '', NULL, NULL, '', '', NULL, NULL, NULL, NULL, NULL),
(436, 'dni', '33586139', '', 'CANCHI', 'MELISA JUDITH', '', NULL, 'ARGENTINA', '2017-11-01', NULL, '', NULL, NULL, '', '', NULL, NULL, NULL, NULL, NULL),
(437, 'dni', '29016389', '', 'GUZMAN', 'LORENA DE LOS ANGELES', '', NULL, 'ARGENTINA', '2017-11-01', NULL, '', NULL, NULL, '', '', NULL, NULL, NULL, NULL, NULL),
(438, 'dni', '30619902', '', 'IBANEZ', 'CLAUDIA ALEJANDRA', '', NULL, 'ARGENTINA', '2017-11-01', NULL, '', NULL, NULL, '', '', NULL, NULL, NULL, NULL, NULL),
(439, 'dni', '24947801', '', 'LOPEZ', 'ARIEL ESTEBAN', '', NULL, 'ARGENTINA', '2017-11-01', NULL, '', NULL, NULL, '', '', NULL, NULL, NULL, NULL, NULL),
(440, 'dni', '32452851', '20-3', 'SURUGUAY', 'MARTIN', '', '', 'ARGENTINA', '1985-11-14', NULL, '', '', NULL, '', '', 'gmsuruguay@gmail.com', NULL, 9, 1, 1),
(441, 'dni', '32108792', '20-8', 'CRUZ ', 'NATALIA LORENA', '', 'CASADO', 'ARGENTINA', '1986-09-04', 1, 'EXODO ', '988', 1, '4917325', '154107856', '', NULL, NULL, 1, 1),
(442, 'dni', '12345678', '', 'ARAMAYO', 'BELEN', '', '', 'ARGENTINA', '2000-01-01', NULL, '', '', NULL, '', '', '', NULL, NULL, 1, 1),
(443, 'dni', '85231496', '', 'PEREZ', 'ENZO', '', '', 'ARGENTINA', '1985-01-25', NULL, '', '', NULL, '', '', '', NULL, NULL, 1, 1);

-- --------------------------------------------------------

--
-- Estructura de tabla para la tabla `auth_assignment`
--

CREATE TABLE `auth_assignment` (
  `item_name` varchar(64) COLLATE utf8_unicode_ci NOT NULL,
  `user_id` varchar(64) COLLATE utf8_unicode_ci NOT NULL,
  `created_at` int(11) DEFAULT NULL
) ENGINE=InnoDB DEFAULT CHARSET=utf8 COLLATE=utf8_unicode_ci;

--
-- Volcado de datos para la tabla `auth_assignment`
--

INSERT INTO `auth_assignment` (`item_name`, `user_id`, `created_at`) VALUES
('ADMINISTRADOR', '1', 1504054122),
('ALUMNO', '10', 1510696273),
('ALUMNO', '3', 1508535857),
('ALUMNO', '4', 1508628889),
('ALUMNO', '7', 1509062795),
('ALUMNO', '8', 1509070586),
('ALUMNO', '9', 1509589406),
('PRECEPTOR', '11', 1511822803),
('PRECEPTOR', '12', 1511822859),
('PRECEPTOR', '2', 1508365239);

-- --------------------------------------------------------

--
-- Estructura de tabla para la tabla `auth_item`
--

CREATE TABLE `auth_item` (
  `name` varchar(64) COLLATE utf8_unicode_ci NOT NULL,
  `type` smallint(6) NOT NULL,
  `description` text COLLATE utf8_unicode_ci,
  `rule_name` varchar(64) COLLATE utf8_unicode_ci DEFAULT NULL,
  `data` blob,
  `created_at` int(11) DEFAULT NULL,
  `updated_at` int(11) DEFAULT NULL
) ENGINE=InnoDB DEFAULT CHARSET=utf8 COLLATE=utf8_unicode_ci;

--
-- Volcado de datos para la tabla `auth_item`
--

INSERT INTO `auth_item` (`name`, `type`, `description`, `rule_name`, `data`, `created_at`, `updated_at`) VALUES
('/acta/*', 2, NULL, NULL, NULL, 1507163378, 1507163378),
('/admin/*', 2, NULL, NULL, NULL, 1504053920, 1504053920),
('/alumno/*', 2, NULL, NULL, NULL, 1504553174, 1504553174),
('/alumno/actualizar', 2, NULL, NULL, NULL, 1509070709, 1509070709),
('/alumno/form-inscripcion', 2, NULL, NULL, NULL, 1509588772, 1509588772),
('/alumno/historial-academico', 2, NULL, NULL, NULL, 1510252946, 1510252946),
('/alumno/index', 2, NULL, NULL, NULL, 1508537858, 1508537858),
('/alumno/inscribir-materia', 2, NULL, NULL, NULL, 1508785829, 1508785829),
('/alumno/legajo', 2, NULL, NULL, NULL, 1508537799, 1508537799),
('/alumno/listar-materia', 2, NULL, NULL, NULL, 1504735722, 1504735722),
('/alumno/listar-regularidades', 2, NULL, NULL, NULL, 1510610253, 1510610253),
('/alumno/tramites', 2, NULL, NULL, NULL, 1509481904, 1509481904),
('/alumno/update', 2, NULL, NULL, NULL, 1508985267, 1508985267),
('/alumno/ver-inscripciones', 2, NULL, NULL, NULL, 1510059146, 1510059146),
('/autoridades/*', 2, NULL, NULL, NULL, 1506372081, 1506372081),
('/calendario-academico/*', 2, NULL, NULL, NULL, 1508449910, 1508449910),
('/calendario-examen/*', 2, NULL, NULL, NULL, 1509995443, 1509995443),
('/carrera/*', 2, NULL, NULL, NULL, 1504655216, 1504655216),
('/colegio-secundario/*', 2, NULL, NULL, NULL, 1507838292, 1507838292),
('/condicion/*', 2, NULL, NULL, NULL, 1504738816, 1504738816),
('/correlatividad/*', 2, NULL, NULL, NULL, 1507076807, 1507076807),
('/correlatividad/add', 2, NULL, NULL, NULL, 1505262091, 1505262091),
('/correlatividad/create', 2, NULL, NULL, NULL, 1507163409, 1507163409),
('/correlatividad/delete', 2, NULL, NULL, NULL, 1507163409, 1507163409),
('/correlatividad/index', 2, NULL, NULL, NULL, 1507163409, 1507163409),
('/correlatividad/update', 2, NULL, NULL, NULL, 1507163409, 1507163409),
('/correlatividad/view', 2, NULL, NULL, NULL, 1507163409, 1507163409),
('/cursada/*', 2, NULL, NULL, NULL, 1507321584, 1507321584),
('/docente/*', 2, NULL, NULL, NULL, 1504213029, 1504213029),
('/historia-academica/*', 2, NULL, NULL, NULL, 1505265060, 1505265060),
('/inscripcion/*', 2, NULL, NULL, NULL, 1504564372, 1504564372),
('/localidad/*', 2, NULL, NULL, NULL, 1504724176, 1504724176),
('/materia/*', 2, NULL, NULL, NULL, 1504704371, 1504704371),
('/pedido/*', 2, NULL, NULL, NULL, 1509481313, 1509481313),
('/sede/*', 2, NULL, NULL, NULL, 1508356774, 1508356774),
('/site/*', 2, NULL, NULL, NULL, 1504053903, 1504053903),
('/site/change-password', 2, NULL, NULL, NULL, 1508777395, 1508777395),
('/site/index', 2, NULL, NULL, NULL, 1508625237, 1508625237),
('/titulo-docente/*', 2, NULL, NULL, NULL, 1504213044, 1504213044),
('/titulo-secundario/*', 2, NULL, NULL, NULL, 1507838286, 1507838286),
('/titulo/*', 2, NULL, NULL, NULL, 1504213034, 1504213034),
('/turno-examen/*', 2, NULL, NULL, NULL, 1510094700, 1510094700),
('/user/*', 2, NULL, NULL, NULL, 1504053887, 1504053887),
('ADMINISTRADOR', 1, NULL, NULL, NULL, 1504053832, 1504053832),
('ALUMNO', 1, NULL, NULL, NULL, 1508528050, 1508528050),
('PRECEPTOR', 1, NULL, NULL, NULL, 1508364227, 1508364227),
('Super Admin', 1, NULL, NULL, NULL, 1504053820, 1504053820);

-- --------------------------------------------------------

--
-- Estructura de tabla para la tabla `auth_item_child`
--

CREATE TABLE `auth_item_child` (
  `parent` varchar(64) COLLATE utf8_unicode_ci NOT NULL,
  `child` varchar(64) COLLATE utf8_unicode_ci NOT NULL
) ENGINE=InnoDB DEFAULT CHARSET=utf8 COLLATE=utf8_unicode_ci;

--
-- Volcado de datos para la tabla `auth_item_child`
--

INSERT INTO `auth_item_child` (`parent`, `child`) VALUES
('ADMINISTRADOR', '/acta/*'),
('PRECEPTOR', '/acta/*'),
('ADMINISTRADOR', '/admin/*'),
('ADMINISTRADOR', '/alumno/*'),
('PRECEPTOR', '/alumno/*'),
('ALUMNO', '/alumno/actualizar'),
('ALUMNO', '/alumno/form-inscripcion'),
('ALUMNO', '/alumno/historial-academico'),
('ALUMNO', '/alumno/index'),
('ALUMNO', '/alumno/inscribir-materia'),
('ALUMNO', '/alumno/legajo'),
('ADMINISTRADOR', '/alumno/listar-materia'),
('ALUMNO', '/alumno/listar-materia'),
('ALUMNO', '/alumno/listar-regularidades'),
('ALUMNO', '/alumno/tramites'),
('ALUMNO', '/alumno/ver-inscripciones'),
('ADMINISTRADOR', '/autoridades/*'),
('ADMINISTRADOR', '/calendario-academico/*'),
('PRECEPTOR', '/calendario-academico/*'),
('ADMINISTRADOR', '/calendario-examen/*'),
('PRECEPTOR', '/calendario-examen/*'),
('ADMINISTRADOR', '/carrera/*'),
('PRECEPTOR', '/carrera/*'),
('ADMINISTRADOR', '/colegio-secundario/*'),
('PRECEPTOR', '/colegio-secundario/*'),
('ADMINISTRADOR', '/condicion/*'),
('PRECEPTOR', '/condicion/*'),
('ADMINISTRADOR', '/correlatividad/*'),
('PRECEPTOR', '/correlatividad/*'),
('ADMINISTRADOR', '/correlatividad/add'),
('ADMINISTRADOR', '/correlatividad/create'),
('ADMINISTRADOR', '/correlatividad/delete'),
('ADMINISTRADOR', '/correlatividad/index'),
('ADMINISTRADOR', '/correlatividad/update'),
('ADMINISTRADOR', '/correlatividad/view'),
('ADMINISTRADOR', '/cursada/*'),
('PRECEPTOR', '/cursada/*'),
('ADMINISTRADOR', '/docente/*'),
('PRECEPTOR', '/docente/*'),
('ADMINISTRADOR', '/historia-academica/*'),
('PRECEPTOR', '/historia-academica/*'),
('ADMINISTRADOR', '/inscripcion/*'),
('PRECEPTOR', '/inscripcion/*'),
('ADMINISTRADOR', '/localidad/*'),
('PRECEPTOR', '/localidad/*'),
('ADMINISTRADOR', '/materia/*'),
('PRECEPTOR', '/materia/*'),
('ADMINISTRADOR', '/pedido/*'),
('PRECEPTOR', '/pedido/*'),
('ADMINISTRADOR', '/sede/*'),
('PRECEPTOR', '/sede/*'),
('ADMINISTRADOR', '/site/*'),
('PRECEPTOR', '/site/*'),
('ALUMNO', '/site/change-password'),
('ALUMNO', '/site/index'),
('ADMINISTRADOR', '/titulo-docente/*'),
('ADMINISTRADOR', '/titulo-secundario/*'),
('ADMINISTRADOR', '/titulo/*'),
('ADMINISTRADOR', '/turno-examen/*'),
('ADMINISTRADOR', '/user/*');

-- --------------------------------------------------------

--
-- Estructura de tabla para la tabla `auth_rule`
--

CREATE TABLE `auth_rule` (
  `name` varchar(64) COLLATE utf8_unicode_ci NOT NULL,
  `data` blob,
  `created_at` int(11) DEFAULT NULL,
  `updated_at` int(11) DEFAULT NULL
) ENGINE=InnoDB DEFAULT CHARSET=utf8 COLLATE=utf8_unicode_ci;

-- --------------------------------------------------------

--
-- Estructura de tabla para la tabla `autoridades`
--

CREATE TABLE `autoridades` (
  `id` int(11) NOT NULL,
  `rector` varchar(450) COLLATE utf8_spanish_ci DEFAULT NULL,
  `secretario_academico` varchar(450) COLLATE utf8_spanish_ci DEFAULT NULL,
  `vice_rector` varchar(450) COLLATE utf8_spanish_ci DEFAULT NULL
) ENGINE=InnoDB DEFAULT CHARSET=utf8 COLLATE=utf8_spanish_ci;

--
-- Volcado de datos para la tabla `autoridades`
--

INSERT INTO `autoridades` (`id`, `rector`, `secretario_academico`, `vice_rector`) VALUES
(1, 'Profesor Perez Arnaldo', '', '');

-- --------------------------------------------------------

--
-- Estructura de tabla para la tabla `calendario_academico`
--

CREATE TABLE `calendario_academico` (
  `id` int(11) NOT NULL,
  `fecha_desde` date NOT NULL,
  `fecha_hasta` date NOT NULL,
  `tipo_inscripcion` set('EXAMEN','CURSADA','PREINSCRIPCION') COLLATE utf8_spanish_ci NOT NULL,
  `actividad` longtext COLLATE utf8_spanish_ci NOT NULL,
  `fecha_inicio_inscripcion` date NOT NULL,
  `fecha_fin_inscripcion` date NOT NULL,
  `turno_examen_id` int(11) DEFAULT NULL
) ENGINE=InnoDB DEFAULT CHARSET=utf8 COLLATE=utf8_spanish_ci;

--
-- Volcado de datos para la tabla `calendario_academico`
--

INSERT INTO `calendario_academico` (`id`, `fecha_desde`, `fecha_hasta`, `tipo_inscripcion`, `actividad`, `fecha_inicio_inscripcion`, `fecha_fin_inscripcion`, `turno_examen_id`) VALUES
(1, '2017-11-13', '2017-11-17', 'EXAMEN', '2° TURNO DE EXAMEN', '2017-11-05', '2017-11-09', 2),
(2, '2017-07-01', '2017-07-05', 'EXAMEN', '1° TURNO DE EXAMEN', '2017-06-25', '2017-06-30', 1),
(4, '2017-11-01', '2017-11-10', 'CURSADA', 'INSCRIPCIONES A MATERIAS', '2017-11-01', '2017-11-10', 0),
(5, '2017-02-01', '2017-02-10', 'PREINSCRIPCION', 'PREINSCRIPCION A CARRERAS', '2017-02-01', '2017-02-10', NULL);

-- --------------------------------------------------------

--
-- Estructura de tabla para la tabla `calendario_examen`
--

CREATE TABLE `calendario_examen` (
  `id` int(11) NOT NULL,
  `carrera_id` int(11) NOT NULL,
  `materia_id` int(11) NOT NULL,
  `fecha_examen` date NOT NULL,
  `hora` varchar(45) COLLATE utf8_spanish_ci NOT NULL,
  `aula` varchar(45) COLLATE utf8_spanish_ci DEFAULT NULL,
  `turno_examen_id` int(11) NOT NULL
) ENGINE=InnoDB DEFAULT CHARSET=utf8 COLLATE=utf8_spanish_ci;

--
-- Volcado de datos para la tabla `calendario_examen`
--

INSERT INTO `calendario_examen` (`id`, `carrera_id`, `materia_id`, `fecha_examen`, `hora`, `aula`, `turno_examen_id`) VALUES
(1, 2, 3, '2017-07-01', '17:30', '8', 1),
(3, 1, 1, '2017-07-01', '19:00', '', 1),
(4, 2, 3, '2017-11-13', '19:00', '', 2),
(5, 2, 4, '2017-11-14', '16:15', '', 2),
(6, 2, 6, '2017-11-15', '19:15', '', 2),
(7, 2, 3, '2017-11-14', '15:45', '', 1),
(8, 3, 8, '2017-12-01', '19:45', '8', 2);

-- --------------------------------------------------------

--
-- Estructura de tabla para la tabla `carrera`
--

CREATE TABLE `carrera` (
  `id` int(11) NOT NULL,
  `descripcion` varchar(450) COLLATE utf8_spanish_ci NOT NULL,
  `duracion` tinyint(1) NOT NULL,
  `cohorte` varchar(45) COLLATE utf8_spanish_ci DEFAULT NULL,
  `validez_nacional` varchar(45) COLLATE utf8_spanish_ci DEFAULT NULL,
  `cantidad_materias` varchar(45) COLLATE utf8_spanish_ci DEFAULT NULL,
  `cantidad_horas` varchar(45) COLLATE utf8_spanish_ci DEFAULT NULL,
  `nro_resolucion` varchar(45) COLLATE utf8_spanish_ci DEFAULT NULL,
  `sede_id` int(11) NOT NULL
) ENGINE=InnoDB DEFAULT CHARSET=utf8 COLLATE=utf8_spanish_ci;

--
-- Volcado de datos para la tabla `carrera`
--

INSERT INTO `carrera` (`id`, `descripcion`, `duracion`, `cohorte`, `validez_nacional`, `cantidad_materias`, `cantidad_horas`, `nro_resolucion`, `sede_id`) VALUES
(1, 'PROFESORADO DE INGLES', 5, '', '', '', '', '', 1),
(2, 'INFORMATICA', 3, '', '', '', '', '', 1),
(3, 'TECNICO EN REDES', 3, '', '', '', '', '', 2);

-- --------------------------------------------------------

--
-- Estructura de tabla para la tabla `colegio_secundario`
--

CREATE TABLE `colegio_secundario` (
  `id` int(11) NOT NULL,
  `descripcion` varchar(45) COLLATE utf8_spanish_ci NOT NULL
) ENGINE=InnoDB DEFAULT CHARSET=utf8 COLLATE=utf8_spanish_ci;

--
-- Volcado de datos para la tabla `colegio_secundario`
--

INSERT INTO `colegio_secundario` (`id`, `descripcion`) VALUES
(1, 'ESC. DE EDUCACION TECNICA ING. LUIS MICHAUD');

-- --------------------------------------------------------

--
-- Estructura de tabla para la tabla `condicion`
--

CREATE TABLE `condicion` (
  `id` int(11) NOT NULL,
  `descripcion` varchar(450) COLLATE utf8_spanish_ci NOT NULL
) ENGINE=InnoDB DEFAULT CHARSET=utf8 COLLATE=utf8_spanish_ci;

--
-- Volcado de datos para la tabla `condicion`
--

INSERT INTO `condicion` (`id`, `descripcion`) VALUES
(1, 'LIBRE'),
(2, 'PROMOCION'),
(3, 'REGULAR'),
(4, 'EQUIVALENCIA');

-- --------------------------------------------------------

--
-- Estructura de tabla para la tabla `correlatividad`
--

CREATE TABLE `correlatividad` (
  `id` int(11) NOT NULL,
  `materia_id` int(11) NOT NULL,
  `materia_id_correlativa` int(11) NOT NULL,
  `tipo` varchar(45) COLLATE utf8_spanish_ci DEFAULT NULL
) ENGINE=InnoDB DEFAULT CHARSET=utf8 COLLATE=utf8_spanish_ci;

--
-- Volcado de datos para la tabla `correlatividad`
--

INSERT INTO `correlatividad` (`id`, `materia_id`, `materia_id_correlativa`, `tipo`) VALUES
(1, 2, 1, 'a'),
(2, 2, 5, 'r'),
(3, 4, 3, 'a'),
(4, 6, 4, 'a');

-- --------------------------------------------------------

--
-- Estructura de tabla para la tabla `cursada`
--

CREATE TABLE `cursada` (
  `id` int(11) NOT NULL,
  `fecha_inscripcion` date DEFAULT NULL,
  `condicion_id` int(11) DEFAULT NULL,
  `alumno_id` int(11) NOT NULL,
  `materia_id` int(11) NOT NULL,
  `fecha_cierre` date DEFAULT NULL,
  `nota` decimal(6,2) DEFAULT NULL,
  `fecha_vencimiento` date DEFAULT NULL
) ENGINE=InnoDB DEFAULT CHARSET=utf8 COLLATE=utf8_spanish_ci;

--
-- Volcado de datos para la tabla `cursada`
--

INSERT INTO `cursada` (`id`, `fecha_inscripcion`, `condicion_id`, `alumno_id`, `materia_id`, `fecha_cierre`, `nota`, `fecha_vencimiento`) VALUES
(1, '2016-10-24', NULL, 1, 1, NULL, NULL, NULL),
(6, '2016-10-24', NULL, 1, 5, NULL, NULL, NULL),
(7, '2017-10-25', NULL, 1, 5, NULL, NULL, NULL),
(8, '2017-03-01', 1, 1, 3, '2017-11-07', '3.00', '2019-12-31'),
(10, '2017-03-05', 2, 440, 3, '2017-11-07', '7.00', '2019-12-31'),
(11, '2017-03-05', 1, 440, 6, '2017-11-09', '3.00', '2019-11-09'),
(12, '2017-07-01', 3, 440, 7, '2017-11-13', '5.00', '2019-11-13'),
(13, '2017-03-05', NULL, 1, 6, NULL, NULL, NULL),
(14, '2017-03-01', 2, 441, 9, '2017-12-04', '9.00', '2019-12-04');

-- --------------------------------------------------------

--
-- Estructura de tabla para la tabla `docente`
--

CREATE TABLE `docente` (
  `id` int(11) NOT NULL,
  `nro_legajo` varchar(45) COLLATE utf8_spanish_ci DEFAULT NULL,
  `tipo_doc` varchar(45) COLLATE utf8_spanish_ci NOT NULL,
  `numero` varchar(45) COLLATE utf8_spanish_ci NOT NULL,
  `cuil` varchar(45) COLLATE utf8_spanish_ci DEFAULT NULL,
  `apellido` varchar(450) COLLATE utf8_spanish_ci NOT NULL,
  `nombre` varchar(450) COLLATE utf8_spanish_ci NOT NULL,
  `sexo` varchar(45) COLLATE utf8_spanish_ci DEFAULT NULL,
  `estado_civil` varchar(45) COLLATE utf8_spanish_ci DEFAULT NULL,
  `nacionalidad` varchar(45) COLLATE utf8_spanish_ci DEFAULT NULL,
  `fecha_nacimiento` date NOT NULL,
  `lugar_nacimiento_id` int(11) DEFAULT NULL,
  `domicilio` varchar(450) COLLATE utf8_spanish_ci DEFAULT NULL,
  `nro` varchar(45) COLLATE utf8_spanish_ci DEFAULT NULL,
  `localidad_id` int(11) DEFAULT NULL,
  `telefono` varchar(45) COLLATE utf8_spanish_ci DEFAULT NULL,
  `celular` varchar(45) COLLATE utf8_spanish_ci DEFAULT NULL,
  `email` varchar(450) COLLATE utf8_spanish_ci DEFAULT NULL,
  `fecha_baja` date DEFAULT NULL,
  `user_id` int(11) DEFAULT NULL,
  `ubicacion_legajo` varchar(450) COLLATE utf8_spanish_ci DEFAULT NULL,
  `sede_id` int(11) NOT NULL
) ENGINE=InnoDB DEFAULT CHARSET=utf8 COLLATE=utf8_spanish_ci;

--
-- Volcado de datos para la tabla `docente`
--

INSERT INTO `docente` (`id`, `nro_legajo`, `tipo_doc`, `numero`, `cuil`, `apellido`, `nombre`, `sexo`, `estado_civil`, `nacionalidad`, `fecha_nacimiento`, `lugar_nacimiento_id`, `domicilio`, `nro`, `localidad_id`, `telefono`, `celular`, `email`, `fecha_baja`, `user_id`, `ubicacion_legajo`, `sede_id`) VALUES
(1, '8549', 'dni', '30253865', '20-3', 'SOTO', 'DAVID', 'F', 'SOLTERO', 'ARGENTINA', '1982-12-12', 1, '', '', 1, '', '', '', NULL, NULL, NULL, 1);

-- --------------------------------------------------------

--
-- Estructura de tabla para la tabla `inscripcion`
--

CREATE TABLE `inscripcion` (
  `id` int(11) NOT NULL,
  `nro_legajo` varchar(45) COLLATE utf8_spanish_ci DEFAULT NULL,
  `alumno_id` int(11) NOT NULL,
  `carrera_id` int(11) NOT NULL,
  `nro_libreta` int(11) DEFAULT NULL,
  `fecha` date NOT NULL,
  `observacion` longtext COLLATE utf8_spanish_ci,
  `fotocopia_dni` bit(1) DEFAULT NULL,
  `certificado_nacimiento` bit(1) DEFAULT NULL,
  `titulo_secundario` bit(1) DEFAULT NULL,
  `certificado_visual` bit(1) DEFAULT NULL,
  `certificado_auditivo` bit(1) DEFAULT NULL,
  `certificado_foniatrico` bit(1) DEFAULT NULL,
  `foto` bit(1) DEFAULT NULL,
  `constancia_cuil` bit(1) DEFAULT NULL,
  `planilla_prontuarial` bit(1) DEFAULT NULL
) ENGINE=InnoDB DEFAULT CHARSET=utf8 COLLATE=utf8_spanish_ci;

--
-- Volcado de datos para la tabla `inscripcion`
--

INSERT INTO `inscripcion` (`id`, `nro_legajo`, `alumno_id`, `carrera_id`, `nro_libreta`, `fecha`, `observacion`, `fotocopia_dni`, `certificado_nacimiento`, `titulo_secundario`, `certificado_visual`, `certificado_auditivo`, `certificado_foniatrico`, `foto`, `constancia_cuil`, `planilla_prontuarial`) VALUES
(1, 'LS1234', 1, 2, 1234, '2017-10-12', '', b'0', b'0', b'0', b'0', b'0', b'0', b'0', b'0', b'0'),
(2, '8521', 1, 1, 852, '2017-03-03', '', b'0', b'0', b'0', b'0', b'0', b'0', b'0', b'0', b'0'),
(3, '8521', 3, 2, 8521, '2017-10-26', '', b'0', b'0', b'0', b'0', b'0', b'0', b'0', b'0', b'0'),
(4, '1234', 440, 2, 1234, '2017-11-01', '', b'0', b'0', b'0', b'0', b'0', b'0', b'0', b'0', b'0'),
(5, '9764', 441, 3, 9764, '2017-11-29', '', b'0', b'0', b'0', b'0', b'0', b'0', b'0', b'0', b'0'),
(6, '986', 442, 3, 986, '2017-11-30', '', b'0', b'0', b'0', b'0', b'0', b'0', b'0', b'0', b'0'),
(7, '85', 443, 3, 85, '2017-11-30', '', b'0', b'0', b'0', b'0', b'0', b'0', b'0', b'0', b'0'),
(8, '784', 1, 3, 784, '2017-11-30', '', b'0', b'0', b'0', b'0', b'0', b'0', b'0', b'0', b'0');

-- --------------------------------------------------------

--
-- Estructura de tabla para la tabla `inscripcion_examen`
--

CREATE TABLE `inscripcion_examen` (
  `id` int(11) NOT NULL,
  `fecha_inscripcion` date DEFAULT NULL,
  `fecha_examen` date DEFAULT NULL,
  `fecha_baja` date DEFAULT NULL,
  `materia_id` int(11) DEFAULT NULL,
  `alumno_id` int(11) DEFAULT NULL,
  `condicion_id` int(11) NOT NULL
) ENGINE=InnoDB DEFAULT CHARSET=utf8 COLLATE=utf8_spanish_ci;

--
-- Volcado de datos para la tabla `inscripcion_examen`
--

INSERT INTO `inscripcion_examen` (`id`, `fecha_inscripcion`, `fecha_examen`, `fecha_baja`, `materia_id`, `alumno_id`, `condicion_id`) VALUES
(1, '2017-11-07', '2017-11-15', NULL, 6, 440, 1);

-- --------------------------------------------------------

--
-- Estructura de tabla para la tabla `localidad`
--

CREATE TABLE `localidad` (
  `id` int(11) NOT NULL,
  `descripcion` varchar(450) COLLATE utf8_spanish_ci NOT NULL
) ENGINE=InnoDB DEFAULT CHARSET=utf8 COLLATE=utf8_spanish_ci;

--
-- Volcado de datos para la tabla `localidad`
--

INSERT INTO `localidad` (`id`, `descripcion`) VALUES
(1, 'PERICO');

-- --------------------------------------------------------

--
-- Estructura de tabla para la tabla `materia`
--

CREATE TABLE `materia` (
  `id` int(11) NOT NULL,
  `descripcion` varchar(450) COLLATE utf8_spanish_ci NOT NULL,
  `carrera_id` int(11) NOT NULL,
  `anio` varchar(45) COLLATE utf8_spanish_ci NOT NULL,
  `periodo` varchar(45) COLLATE utf8_spanish_ci NOT NULL,
  `estado` bit(1) DEFAULT NULL COMMENT 'Cuando el valor es 1 esta ocupado',
  `condicion_id` int(11) NOT NULL,
  `condicion_examen_libre` varchar(45) COLLATE utf8_spanish_ci DEFAULT NULL
) ENGINE=InnoDB DEFAULT CHARSET=utf8 COLLATE=utf8_spanish_ci;

--
-- Volcado de datos para la tabla `materia`
--

INSERT INTO `materia` (`id`, `descripcion`, `carrera_id`, `anio`, `periodo`, `estado`, `condicion_id`, `condicion_examen_libre`) VALUES
(1, 'FONETICA', 1, '1', '1° C', b'0', 2, '1'),
(2, 'LINGUISTICA', 1, '2', '2° C', b'0', 2, '1'),
(3, 'TECNICAS DIGITALES', 2, '1', 'ANUAL', b'0', 2, '3'),
(4, 'PROGRAMACION', 2, '2', '2° C', b'0', 3, '1'),
(5, 'HISTORIA INGLESA', 1, '1', '1° C', b'0', 2, '1'),
(6, 'BASE DE DATOS', 2, '2', '1° C', b'0', 2, '2'),
(7, 'SISTEMA DE INFORMACION', 2, '2', '1° C', b'0', 3, '1'),
(8, 'REDES Y COMUNICACIONES', 3, '1', 'ANUAL', b'0', 2, '1'),
(9, 'CLUSTERS', 3, '2', '1° C', b'0', 2, '3');

-- --------------------------------------------------------

--
-- Estructura de tabla para la tabla `materia_asignada`
--

CREATE TABLE `materia_asignada` (
  `id` int(11) NOT NULL,
  `fecha_alta` date NOT NULL,
  `docente_id` int(11) NOT NULL,
  `materia_id` int(11) NOT NULL,
  `fecha_baja` date DEFAULT NULL
) ENGINE=InnoDB DEFAULT CHARSET=utf8 COLLATE=utf8_spanish_ci;

-- --------------------------------------------------------

--
-- Estructura de tabla para la tabla `menu`
--

CREATE TABLE `menu` (
  `id` int(11) NOT NULL,
  `name` varchar(128) CHARACTER SET utf8 NOT NULL,
  `parent` int(11) DEFAULT NULL,
  `route` varchar(255) CHARACTER SET utf8 DEFAULT NULL,
  `order` int(11) DEFAULT NULL,
  `data` blob
) ENGINE=InnoDB DEFAULT CHARSET=utf8 COLLATE=utf8_spanish_ci;

-- --------------------------------------------------------

--
-- Estructura de tabla para la tabla `migration`
--

CREATE TABLE `migration` (
  `version` varchar(180) NOT NULL,
  `apply_time` int(11) DEFAULT NULL
) ENGINE=MyISAM DEFAULT CHARSET=latin1;

--
-- Volcado de datos para la tabla `migration`
--

INSERT INTO `migration` (`version`, `apply_time`) VALUES
('m000000_000000_base', 1486648886),
('m140602_111327_create_menu_table', 1486648913),
('m160312_050000_create_user', 1486648914),
('m140506_102106_rbac_init', 1486649227);

-- --------------------------------------------------------

--
-- Estructura de tabla para la tabla `pedidos`
--

CREATE TABLE `pedidos` (
  `id` int(11) NOT NULL,
  `alumno_id` int(11) NOT NULL,
  `carrera_id` int(11) NOT NULL,
  `cantidad` int(11) NOT NULL,
  `tipo` char(1) COLLATE utf8_spanish_ci NOT NULL,
  `fecha_pedido` date NOT NULL,
  `estado` bit(1) NOT NULL,
  `interesado` varchar(450) COLLATE utf8_spanish_ci DEFAULT NULL
) ENGINE=InnoDB DEFAULT CHARSET=utf8 COLLATE=utf8_spanish_ci;

--
-- Volcado de datos para la tabla `pedidos`
--

INSERT INTO `pedidos` (`id`, `alumno_id`, `carrera_id`, `cantidad`, `tipo`, `fecha_pedido`, `estado`, `interesado`) VALUES
(1, 440, 2, 1, 'c', '2017-12-04', b'1', 'MUNI');

-- --------------------------------------------------------

--
-- Estructura de tabla para la tabla `perfil`
--

CREATE TABLE `perfil` (
  `id` int(11) NOT NULL,
  `numero_doc` int(11) DEFAULT NULL,
  `nombre` varchar(450) COLLATE utf8_spanish_ci NOT NULL,
  `apellido` varchar(450) COLLATE utf8_spanish_ci NOT NULL,
  `user_id` int(11) DEFAULT NULL,
  `domicilio` varchar(450) COLLATE utf8_spanish_ci DEFAULT NULL,
  `numero` varchar(15) COLLATE utf8_spanish_ci DEFAULT NULL,
  `piso` varchar(45) COLLATE utf8_spanish_ci DEFAULT NULL,
  `dpto` varchar(45) COLLATE utf8_spanish_ci DEFAULT NULL,
  `telefono` varchar(45) COLLATE utf8_spanish_ci DEFAULT NULL,
  `celular` varchar(45) COLLATE utf8_spanish_ci DEFAULT NULL,
  `especialidad_id` int(11) DEFAULT NULL,
  `estado` tinyint(1) DEFAULT '1'
) ENGINE=InnoDB DEFAULT CHARSET=utf8 COLLATE=utf8_spanish_ci;

--
-- Volcado de datos para la tabla `perfil`
--

INSERT INTO `perfil` (`id`, `numero_doc`, `nombre`, `apellido`, `user_id`, `domicilio`, `numero`, `piso`, `dpto`, `telefono`, `celular`, `especialidad_id`, `estado`) VALUES
(1, NULL, 'Admin', 'Sistema', 1, NULL, NULL, NULL, NULL, NULL, NULL, NULL, 1),
(2, NULL, 'MAURICIO', 'CASAS', 2, NULL, NULL, NULL, NULL, NULL, NULL, NULL, 1),
(3, NULL, 'MARTIN', 'SURUGUAY', 3, NULL, NULL, NULL, NULL, NULL, NULL, NULL, 1),
(5, NULL, 'AYLEN MORENA', 'SURUGUAY', 7, NULL, NULL, NULL, NULL, NULL, NULL, NULL, 1),
(6, NULL, 'SANDRA', 'JUARES', 8, NULL, NULL, NULL, NULL, NULL, NULL, NULL, 1),
(7, NULL, 'MARTIN', 'SURUGUAY', 9, NULL, NULL, NULL, NULL, NULL, NULL, NULL, 1),
(8, NULL, 'GEORGINA AGUSTINA', 'ABAN', 10, NULL, NULL, NULL, NULL, NULL, NULL, NULL, 1),
(9, NULL, 'PRECE', 'PERICO', 11, NULL, NULL, NULL, NULL, NULL, NULL, NULL, 1),
(10, NULL, 'PRECE', 'MONTERRICO', 12, NULL, NULL, NULL, NULL, NULL, NULL, NULL, 1);

-- --------------------------------------------------------

--
-- Estructura de tabla para la tabla `reinscripcion`
--

CREATE TABLE `reinscripcion` (
  `id` int(11) NOT NULL,
  `fecha` date NOT NULL,
  `carrera_id` int(11) NOT NULL,
  `alumno_id` int(11) NOT NULL
) ENGINE=InnoDB DEFAULT CHARSET=utf8 COLLATE=utf8_spanish_ci;

-- --------------------------------------------------------

--
-- Estructura de tabla para la tabla `sede`
--

CREATE TABLE `sede` (
  `id` int(11) NOT NULL,
  `cue` varchar(45) COLLATE utf8_spanish_ci NOT NULL,
  `descripcion` varchar(450) COLLATE utf8_spanish_ci NOT NULL,
  `secretario_academico` varchar(450) COLLATE utf8_spanish_ci DEFAULT NULL,
  `rector` varchar(450) COLLATE utf8_spanish_ci DEFAULT NULL,
  `vice_rector` varchar(450) COLLATE utf8_spanish_ci DEFAULT NULL,
  `direccion` varchar(450) COLLATE utf8_spanish_ci NOT NULL,
  `localidad` varchar(450) COLLATE utf8_spanish_ci NOT NULL,
  `logo` varchar(450) COLLATE utf8_spanish_ci DEFAULT NULL
) ENGINE=InnoDB DEFAULT CHARSET=utf8 COLLATE=utf8_spanish_ci;

--
-- Volcado de datos para la tabla `sede`
--

INSERT INTO `sede` (`id`, `cue`, `descripcion`, `secretario_academico`, `rector`, `vice_rector`, `direccion`, `localidad`, `logo`) VALUES
(1, '', 'INSTITUTO SUPERIOR', NULL, NULL, NULL, '', 'PERICO', NULL),
(2, '582', 'INSTITUTO MONTERRICO', '', '', '', 'MONT', 'MONTERRICO', NULL);

-- --------------------------------------------------------

--
-- Estructura de tabla para la tabla `tipo_usuario`
--

CREATE TABLE `tipo_usuario` (
  `id` int(11) NOT NULL,
  `descripcion` varchar(345) COLLATE utf8_spanish_ci NOT NULL
) ENGINE=InnoDB DEFAULT CHARSET=utf8 COLLATE=utf8_spanish_ci;

--
-- Volcado de datos para la tabla `tipo_usuario`
--

INSERT INTO `tipo_usuario` (`id`, `descripcion`) VALUES
(1, 'Alumno'),
(2, 'Docente\r\n'),
(3, 'Preceptor'),
(4, 'Secretario');

-- --------------------------------------------------------

--
-- Estructura de tabla para la tabla `titulo`
--

CREATE TABLE `titulo` (
  `id` int(11) NOT NULL,
  `descripcion` varchar(450) COLLATE utf8_spanish_ci NOT NULL
) ENGINE=InnoDB DEFAULT CHARSET=utf8 COLLATE=utf8_spanish_ci;

--
-- Volcado de datos para la tabla `titulo`
--

INSERT INTO `titulo` (`id`, `descripcion`) VALUES
(1, 'TECNICO MECANICO');

-- --------------------------------------------------------

--
-- Estructura de tabla para la tabla `titulo_docente`
--

CREATE TABLE `titulo_docente` (
  `id` int(11) NOT NULL,
  `docente_id` int(11) NOT NULL,
  `titulo_id` int(11) NOT NULL
) ENGINE=InnoDB DEFAULT CHARSET=utf8 COLLATE=utf8_spanish_ci;

--
-- Volcado de datos para la tabla `titulo_docente`
--

INSERT INTO `titulo_docente` (`id`, `docente_id`, `titulo_id`) VALUES
(1, 1, 1);

-- --------------------------------------------------------

--
-- Estructura de tabla para la tabla `titulo_secundario`
--

CREATE TABLE `titulo_secundario` (
  `id` int(11) NOT NULL,
  `descripcion` varchar(450) COLLATE utf8_spanish_ci DEFAULT NULL
) ENGINE=InnoDB DEFAULT CHARSET=utf8 COLLATE=utf8_spanish_ci;

--
-- Volcado de datos para la tabla `titulo_secundario`
--

INSERT INTO `titulo_secundario` (`id`, `descripcion`) VALUES
(1, 'TECNICO MECANICO');

-- --------------------------------------------------------

--
-- Estructura de tabla para la tabla `turno_examen`
--

CREATE TABLE `turno_examen` (
  `id` int(11) NOT NULL,
  `descripcion` varchar(45) COLLATE utf8_spanish_ci NOT NULL
) ENGINE=InnoDB DEFAULT CHARSET=utf8 COLLATE=utf8_spanish_ci;

--
-- Volcado de datos para la tabla `turno_examen`
--

INSERT INTO `turno_examen` (`id`, `descripcion`) VALUES
(1, '1° Turno'),
(2, '2° Turno');

-- --------------------------------------------------------

--
-- Estructura de tabla para la tabla `user`
--

CREATE TABLE `user` (
  `id` int(11) NOT NULL,
  `username` varchar(32) COLLATE utf8_unicode_ci NOT NULL,
  `auth_key` varchar(32) COLLATE utf8_unicode_ci NOT NULL,
  `password_hash` varchar(255) COLLATE utf8_unicode_ci NOT NULL,
  `password_reset_token` varchar(255) COLLATE utf8_unicode_ci DEFAULT NULL,
  `email` varchar(255) COLLATE utf8_unicode_ci NOT NULL,
  `status` smallint(6) NOT NULL DEFAULT '10',
  `created_at` int(11) NOT NULL,
  `updated_at` int(11) NOT NULL,
  `role` varchar(64) COLLATE utf8_unicode_ci DEFAULT NULL
) ENGINE=InnoDB DEFAULT CHARSET=utf8 COLLATE=utf8_unicode_ci;

--
-- Volcado de datos para la tabla `user`
--

INSERT INTO `user` (`id`, `username`, `auth_key`, `password_hash`, `password_reset_token`, `email`, `status`, `created_at`, `updated_at`, `role`) VALUES
(1, 'useradmin', 'VCGuLzttqkOAmyUS5W-ABa15JukLPW5i', '$2y$13$STLbND1geUxRNdXZB1oCx.oKqpC4kpnkqZRwbH0BPuYyN2XN5TGZm', NULL, 'tinchohlj@gmail.com', 10, 1504053628, 1504053628, 'ADMINISTRADOR'),
(2, 'preceptor', 'XsJjchI16BorfxLs43UBaGJruoQzBqxe', '$2y$13$CTQOhl6K73YErpyd12LMpO2thY33YcSo7giPUopRBhEbhJwuTBqp2', NULL, 'prece@email.com', 10, 1508365239, 1508367229, 'PRECEPTOR'),
(3, 'alumno', 'RcAqj1V001NPlh6Zftg5Qj6fFGuPOFlu', '$2y$13$KmkpZW3Dyr8yxOSAYaj.8OPBvc04TzK4DUwULwU6xhOIcF1zm3ZF6', NULL, 'alumno@gmail.com', 10, 1508535857, 1508777562, 'ALUMNO'),
(7, '52279882', 'k6Eq0mMacCYpes6SZZal1KM7t6STU91r', '$2y$13$iFNKKetAfLJTjmUfXY5vKOOlQ.SbVKEfptSFZFne5ae9EWt8lTI16', NULL, 'morena@email.com', 10, 1509062794, 1509062794, 'ALUMNO'),
(8, '78451296', 'bmdS-LcqVzGj1yq5YSJdXero9i-GCFU-', '$2y$13$O6AD1ByHAoJLF4y4J9RM9OHmH3BguHiccQKrKvarKzCcX3R309sdO', NULL, 'email@gmail.com', 10, 1509070585, 1509070585, 'ALUMNO'),
(9, '32452851', 'IKJwDvEbFJRtEOcdmo7pKRcmxjS231ro', '$2y$13$orPcklPX3TX92XyPyhP66uru.FghuC5IaQnq5MUA1exwRd.zwA.yG', NULL, 'gmsuruguay@gmail.com', 10, 1509589406, 1512438147, 'ALUMNO'),
(10, '40177491', 'gfIZMi0p93TZPUiuLYyvLf9vSGevbkUd', '$2y$13$QiNfnNbu3Q2.CGiKBj6pWOimtQoEMeY3IMhvegiu5DupBWeww5J16', NULL, 'email@email.com', 10, 1510696273, 1510696273, 'ALUMNO'),
(11, 'PRECEP', 'KTzu0vHWMY4rG1OdSukAp432NGM98bBL', '$2y$13$4vY15Zpm0YLGc3CkpkAmm.3.UnSidVWB6OaAQJlimAbhVuxif7VtC', NULL, 'precep@email.com', 10, 1511822803, 1511822803, 'PRECEPTOR'),
(12, 'PRECEM', '0I4t9cCVvRav5OBDlpxl_JVkTUMuHOJz', '$2y$13$DD3zq9CGttLgZCsi0TRcaOZrLujmPQ8hTkyPtiYmFCJ2TTbcfYRRC', NULL, 'precem@email.com', 10, 1511822859, 1511822859, 'PRECEPTOR');

-- --------------------------------------------------------

--
-- Estructura de tabla para la tabla `usuario_sede`
--

CREATE TABLE `usuario_sede` (
  `id` int(11) NOT NULL,
  `user_id` int(11) NOT NULL,
  `sede_id` int(11) NOT NULL
) ENGINE=InnoDB DEFAULT CHARSET=utf8 COLLATE=utf8_spanish_ci;

--
-- Volcado de datos para la tabla `usuario_sede`
--

INSERT INTO `usuario_sede` (`id`, `user_id`, `sede_id`) VALUES
(2, 2, 2),
(3, 11, 1),
(4, 12, 2);

--
-- Índices para tablas volcadas
--

--
-- Indices de la tabla `acta`
--
ALTER TABLE `acta`
  ADD PRIMARY KEY (`id`),
  ADD KEY `fk_acta_condicion1_idx` (`condicion_id`),
  ADD KEY `fk_acta_alumno1_idx` (`alumno_id`),
  ADD KEY `fk_acta_materia1_idx` (`materia_id`);

--
-- Indices de la tabla `alumno`
--
ALTER TABLE `alumno`
  ADD PRIMARY KEY (`id`),
  ADD KEY `fk_localidad_id` (`localidad_id`),
  ADD KEY `fk_lugar_nacimiento_id` (`lugar_nacimiento_id`),
  ADD KEY `fk_alumno_titulo_secundario1_idx` (`titulo_secundario_id`),
  ADD KEY `fk_alumno_colegio_secundario1_idx` (`colegio_secundario_id`);

--
-- Indices de la tabla `auth_assignment`
--
ALTER TABLE `auth_assignment`
  ADD PRIMARY KEY (`item_name`,`user_id`);

--
-- Indices de la tabla `auth_item`
--
ALTER TABLE `auth_item`
  ADD PRIMARY KEY (`name`),
  ADD KEY `rule_name` (`rule_name`),
  ADD KEY `idx-auth_item-type` (`type`);

--
-- Indices de la tabla `auth_item_child`
--
ALTER TABLE `auth_item_child`
  ADD PRIMARY KEY (`parent`,`child`),
  ADD KEY `child` (`child`);

--
-- Indices de la tabla `auth_rule`
--
ALTER TABLE `auth_rule`
  ADD PRIMARY KEY (`name`);

--
-- Indices de la tabla `autoridades`
--
ALTER TABLE `autoridades`
  ADD PRIMARY KEY (`id`);

--
-- Indices de la tabla `calendario_academico`
--
ALTER TABLE `calendario_academico`
  ADD PRIMARY KEY (`id`),
  ADD KEY `fk_calendario_academico_turno_examen1_idx` (`turno_examen_id`);

--
-- Indices de la tabla `calendario_examen`
--
ALTER TABLE `calendario_examen`
  ADD PRIMARY KEY (`id`),
  ADD KEY `fk_calendario_examen_carrera1_idx` (`carrera_id`),
  ADD KEY `fk_calendario_examen_materia1_idx` (`materia_id`),
  ADD KEY `fk_calendario_examen_turno_examen1_idx` (`turno_examen_id`);

--
-- Indices de la tabla `carrera`
--
ALTER TABLE `carrera`
  ADD PRIMARY KEY (`id`),
  ADD KEY `fk_carrera_sede1_idx` (`sede_id`);

--
-- Indices de la tabla `colegio_secundario`
--
ALTER TABLE `colegio_secundario`
  ADD PRIMARY KEY (`id`);

--
-- Indices de la tabla `condicion`
--
ALTER TABLE `condicion`
  ADD PRIMARY KEY (`id`);

--
-- Indices de la tabla `correlatividad`
--
ALTER TABLE `correlatividad`
  ADD PRIMARY KEY (`id`),
  ADD KEY `fk_correlatividad_materia1_idx` (`materia_id`),
  ADD KEY `fk_correlatividad_materia2_idx` (`materia_id_correlativa`);

--
-- Indices de la tabla `cursada`
--
ALTER TABLE `cursada`
  ADD PRIMARY KEY (`id`),
  ADD KEY `fk_cursada_condicion1_idx` (`condicion_id`),
  ADD KEY `fk_cursada_alumno1_idx` (`alumno_id`),
  ADD KEY `fk_cursada_materia1_idx` (`materia_id`);

--
-- Indices de la tabla `docente`
--
ALTER TABLE `docente`
  ADD PRIMARY KEY (`id`),
  ADD KEY `fk_docente_localidad_id` (`localidad_id`),
  ADD KEY `fk_docente_lugar_nacimiento_id` (`lugar_nacimiento_id`),
  ADD KEY `fk_docente_sede1_idx` (`sede_id`);

--
-- Indices de la tabla `inscripcion`
--
ALTER TABLE `inscripcion`
  ADD PRIMARY KEY (`id`),
  ADD KEY `fk_inscripcion_alumno1_idx` (`alumno_id`),
  ADD KEY `fk_inscripcion_carrera1_idx` (`carrera_id`);

--
-- Indices de la tabla `inscripcion_examen`
--
ALTER TABLE `inscripcion_examen`
  ADD PRIMARY KEY (`id`),
  ADD KEY `fk_inscripcion_examen_materia1_idx` (`materia_id`),
  ADD KEY `fk_inscripcion_examen_alumno1_idx` (`alumno_id`),
  ADD KEY `fk_inscripcion_examen_condicion1_idx` (`condicion_id`);

--
-- Indices de la tabla `localidad`
--
ALTER TABLE `localidad`
  ADD PRIMARY KEY (`id`);

--
-- Indices de la tabla `materia`
--
ALTER TABLE `materia`
  ADD PRIMARY KEY (`id`),
  ADD KEY `fk_materia_carrera1_idx` (`carrera_id`),
  ADD KEY `fk_materia_condicion1_idx` (`condicion_id`);

--
-- Indices de la tabla `materia_asignada`
--
ALTER TABLE `materia_asignada`
  ADD PRIMARY KEY (`id`),
  ADD KEY `fk_materia_asignada_docente1_idx` (`docente_id`),
  ADD KEY `fk_materia_asignada_materia1_idx` (`materia_id`);

--
-- Indices de la tabla `menu`
--
ALTER TABLE `menu`
  ADD PRIMARY KEY (`id`),
  ADD KEY `parent` (`parent`);

--
-- Indices de la tabla `migration`
--
ALTER TABLE `migration`
  ADD PRIMARY KEY (`version`);

--
-- Indices de la tabla `pedidos`
--
ALTER TABLE `pedidos`
  ADD PRIMARY KEY (`id`),
  ADD KEY `fk_pedidos_alumno1_idx` (`alumno_id`),
  ADD KEY `fk_pedidos_carrera1_idx` (`carrera_id`);

--
-- Indices de la tabla `perfil`
--
ALTER TABLE `perfil`
  ADD PRIMARY KEY (`id`),
  ADD KEY `user_id_idx` (`user_id`),
  ADD KEY `fk_perfil_especialidad1_idx` (`especialidad_id`);

--
-- Indices de la tabla `reinscripcion`
--
ALTER TABLE `reinscripcion`
  ADD PRIMARY KEY (`id`),
  ADD KEY `fk_reinscripcion_carrera1_idx` (`carrera_id`),
  ADD KEY `fk_reinscripcion_alumno1_idx` (`alumno_id`);

--
-- Indices de la tabla `sede`
--
ALTER TABLE `sede`
  ADD PRIMARY KEY (`id`);

--
-- Indices de la tabla `tipo_usuario`
--
ALTER TABLE `tipo_usuario`
  ADD PRIMARY KEY (`id`);

--
-- Indices de la tabla `titulo`
--
ALTER TABLE `titulo`
  ADD PRIMARY KEY (`id`);

--
-- Indices de la tabla `titulo_docente`
--
ALTER TABLE `titulo_docente`
  ADD PRIMARY KEY (`id`),
  ADD KEY `fk_titulo_docente_docente1_idx` (`docente_id`),
  ADD KEY `fk_titulo_docente_titulo1_idx` (`titulo_id`);

--
-- Indices de la tabla `titulo_secundario`
--
ALTER TABLE `titulo_secundario`
  ADD PRIMARY KEY (`id`);

--
-- Indices de la tabla `turno_examen`
--
ALTER TABLE `turno_examen`
  ADD PRIMARY KEY (`id`);

--
-- Indices de la tabla `user`
--
ALTER TABLE `user`
  ADD PRIMARY KEY (`id`);

--
-- Indices de la tabla `usuario_sede`
--
ALTER TABLE `usuario_sede`
  ADD PRIMARY KEY (`id`),
  ADD KEY `fk_usuario_sede_user1_idx` (`user_id`),
  ADD KEY `fk_usuario_sede_sede1_idx` (`sede_id`);

--
-- AUTO_INCREMENT de las tablas volcadas
--

--
-- AUTO_INCREMENT de la tabla `acta`
--
ALTER TABLE `acta`
  MODIFY `id` int(11) NOT NULL AUTO_INCREMENT, AUTO_INCREMENT=7;
--
-- AUTO_INCREMENT de la tabla `alumno`
--
ALTER TABLE `alumno`
  MODIFY `id` int(11) NOT NULL AUTO_INCREMENT, AUTO_INCREMENT=444;
--
-- AUTO_INCREMENT de la tabla `autoridades`
--
ALTER TABLE `autoridades`
  MODIFY `id` int(11) NOT NULL AUTO_INCREMENT, AUTO_INCREMENT=2;
--
-- AUTO_INCREMENT de la tabla `calendario_academico`
--
ALTER TABLE `calendario_academico`
  MODIFY `id` int(11) NOT NULL AUTO_INCREMENT, AUTO_INCREMENT=6;
--
-- AUTO_INCREMENT de la tabla `calendario_examen`
--
ALTER TABLE `calendario_examen`
  MODIFY `id` int(11) NOT NULL AUTO_INCREMENT, AUTO_INCREMENT=9;
--
-- AUTO_INCREMENT de la tabla `carrera`
--
ALTER TABLE `carrera`
  MODIFY `id` int(11) NOT NULL AUTO_INCREMENT, AUTO_INCREMENT=4;
--
-- AUTO_INCREMENT de la tabla `colegio_secundario`
--
ALTER TABLE `colegio_secundario`
  MODIFY `id` int(11) NOT NULL AUTO_INCREMENT, AUTO_INCREMENT=2;
--
-- AUTO_INCREMENT de la tabla `condicion`
--
ALTER TABLE `condicion`
  MODIFY `id` int(11) NOT NULL AUTO_INCREMENT, AUTO_INCREMENT=5;
--
-- AUTO_INCREMENT de la tabla `correlatividad`
--
ALTER TABLE `correlatividad`
  MODIFY `id` int(11) NOT NULL AUTO_INCREMENT, AUTO_INCREMENT=5;
--
-- AUTO_INCREMENT de la tabla `cursada`
--
ALTER TABLE `cursada`
  MODIFY `id` int(11) NOT NULL AUTO_INCREMENT, AUTO_INCREMENT=15;
--
-- AUTO_INCREMENT de la tabla `docente`
--
ALTER TABLE `docente`
  MODIFY `id` int(11) NOT NULL AUTO_INCREMENT, AUTO_INCREMENT=2;
--
-- AUTO_INCREMENT de la tabla `inscripcion`
--
ALTER TABLE `inscripcion`
  MODIFY `id` int(11) NOT NULL AUTO_INCREMENT, AUTO_INCREMENT=9;
--
-- AUTO_INCREMENT de la tabla `inscripcion_examen`
--
ALTER TABLE `inscripcion_examen`
  MODIFY `id` int(11) NOT NULL AUTO_INCREMENT, AUTO_INCREMENT=2;
--
-- AUTO_INCREMENT de la tabla `localidad`
--
ALTER TABLE `localidad`
  MODIFY `id` int(11) NOT NULL AUTO_INCREMENT, AUTO_INCREMENT=2;
--
-- AUTO_INCREMENT de la tabla `materia`
--
ALTER TABLE `materia`
  MODIFY `id` int(11) NOT NULL AUTO_INCREMENT, AUTO_INCREMENT=10;
--
-- AUTO_INCREMENT de la tabla `materia_asignada`
--
ALTER TABLE `materia_asignada`
  MODIFY `id` int(11) NOT NULL AUTO_INCREMENT;
--
-- AUTO_INCREMENT de la tabla `menu`
--
ALTER TABLE `menu`
  MODIFY `id` int(11) NOT NULL AUTO_INCREMENT;
--
-- AUTO_INCREMENT de la tabla `pedidos`
--
ALTER TABLE `pedidos`
  MODIFY `id` int(11) NOT NULL AUTO_INCREMENT, AUTO_INCREMENT=2;
--
-- AUTO_INCREMENT de la tabla `perfil`
--
ALTER TABLE `perfil`
  MODIFY `id` int(11) NOT NULL AUTO_INCREMENT, AUTO_INCREMENT=11;
--
-- AUTO_INCREMENT de la tabla `reinscripcion`
--
ALTER TABLE `reinscripcion`
  MODIFY `id` int(11) NOT NULL AUTO_INCREMENT;
--
-- AUTO_INCREMENT de la tabla `sede`
--
ALTER TABLE `sede`
  MODIFY `id` int(11) NOT NULL AUTO_INCREMENT, AUTO_INCREMENT=3;
--
-- AUTO_INCREMENT de la tabla `tipo_usuario`
--
ALTER TABLE `tipo_usuario`
  MODIFY `id` int(11) NOT NULL AUTO_INCREMENT, AUTO_INCREMENT=5;
--
-- AUTO_INCREMENT de la tabla `titulo`
--
ALTER TABLE `titulo`
  MODIFY `id` int(11) NOT NULL AUTO_INCREMENT, AUTO_INCREMENT=2;
--
-- AUTO_INCREMENT de la tabla `titulo_docente`
--
ALTER TABLE `titulo_docente`
  MODIFY `id` int(11) NOT NULL AUTO_INCREMENT, AUTO_INCREMENT=2;
--
-- AUTO_INCREMENT de la tabla `titulo_secundario`
--
ALTER TABLE `titulo_secundario`
  MODIFY `id` int(11) NOT NULL AUTO_INCREMENT, AUTO_INCREMENT=2;
--
-- AUTO_INCREMENT de la tabla `turno_examen`
--
ALTER TABLE `turno_examen`
  MODIFY `id` int(11) NOT NULL AUTO_INCREMENT, AUTO_INCREMENT=3;
--
-- AUTO_INCREMENT de la tabla `user`
--
ALTER TABLE `user`
  MODIFY `id` int(11) NOT NULL AUTO_INCREMENT, AUTO_INCREMENT=13;
--
-- AUTO_INCREMENT de la tabla `usuario_sede`
--
ALTER TABLE `usuario_sede`
  MODIFY `id` int(11) NOT NULL AUTO_INCREMENT, AUTO_INCREMENT=5;
--
-- Restricciones para tablas volcadas
--

--
-- Filtros para la tabla `acta`
--
ALTER TABLE `acta`
  ADD CONSTRAINT `fk_acta_alumno1` FOREIGN KEY (`alumno_id`) REFERENCES `alumno` (`id`) ON DELETE NO ACTION ON UPDATE NO ACTION,
  ADD CONSTRAINT `fk_acta_condicion1` FOREIGN KEY (`condicion_id`) REFERENCES `condicion` (`id`) ON DELETE NO ACTION ON UPDATE NO ACTION,
  ADD CONSTRAINT `fk_acta_materia1` FOREIGN KEY (`materia_id`) REFERENCES `materia` (`id`) ON DELETE NO ACTION ON UPDATE NO ACTION;

--
-- Filtros para la tabla `alumno`
--
ALTER TABLE `alumno`
  ADD CONSTRAINT `fk_alumno_colegio_secundario1` FOREIGN KEY (`colegio_secundario_id`) REFERENCES `colegio_secundario` (`id`) ON DELETE NO ACTION ON UPDATE NO ACTION,
  ADD CONSTRAINT `fk_alumno_localidad1` FOREIGN KEY (`localidad_id`) REFERENCES `localidad` (`id`) ON DELETE NO ACTION ON UPDATE NO ACTION,
  ADD CONSTRAINT `fk_alumno_localidad2` FOREIGN KEY (`lugar_nacimiento_id`) REFERENCES `localidad` (`id`) ON DELETE NO ACTION ON UPDATE NO ACTION;

--
-- Filtros para la tabla `auth_assignment`
--
ALTER TABLE `auth_assignment`
  ADD CONSTRAINT `auth_assignment_ibfk_1` FOREIGN KEY (`item_name`) REFERENCES `auth_item` (`name`) ON DELETE CASCADE ON UPDATE CASCADE;

--
-- Filtros para la tabla `auth_item`
--
ALTER TABLE `auth_item`
  ADD CONSTRAINT `auth_item_ibfk_1` FOREIGN KEY (`rule_name`) REFERENCES `auth_rule` (`name`) ON DELETE SET NULL ON UPDATE CASCADE;

--
-- Filtros para la tabla `auth_item_child`
--
ALTER TABLE `auth_item_child`
  ADD CONSTRAINT `auth_item_child_ibfk_1` FOREIGN KEY (`parent`) REFERENCES `auth_item` (`name`) ON DELETE CASCADE ON UPDATE CASCADE,
  ADD CONSTRAINT `auth_item_child_ibfk_2` FOREIGN KEY (`child`) REFERENCES `auth_item` (`name`) ON DELETE CASCADE ON UPDATE CASCADE;

--
-- Filtros para la tabla `calendario_academico`
--
ALTER TABLE `calendario_academico`
  ADD CONSTRAINT `fk_calendario_academico_turno_examen1` FOREIGN KEY (`turno_examen_id`) REFERENCES `turno_examen` (`id`) ON DELETE NO ACTION ON UPDATE NO ACTION;

--
-- Filtros para la tabla `calendario_examen`
--
ALTER TABLE `calendario_examen`
  ADD CONSTRAINT `fk_calendario_examen_carrera1` FOREIGN KEY (`carrera_id`) REFERENCES `carrera` (`id`) ON DELETE NO ACTION ON UPDATE NO ACTION,
  ADD CONSTRAINT `fk_calendario_examen_materia1` FOREIGN KEY (`materia_id`) REFERENCES `materia` (`id`) ON DELETE NO ACTION ON UPDATE NO ACTION,
  ADD CONSTRAINT `fk_calendario_examen_turno_examen1` FOREIGN KEY (`turno_examen_id`) REFERENCES `turno_examen` (`id`) ON DELETE NO ACTION ON UPDATE NO ACTION;

--
-- Filtros para la tabla `carrera`
--
ALTER TABLE `carrera`
  ADD CONSTRAINT `fk_carrera_sede1` FOREIGN KEY (`sede_id`) REFERENCES `sede` (`id`) ON DELETE NO ACTION ON UPDATE NO ACTION;

--
-- Filtros para la tabla `correlatividad`
--
ALTER TABLE `correlatividad`
  ADD CONSTRAINT `fk_correlatividad_materia1` FOREIGN KEY (`materia_id`) REFERENCES `materia` (`id`) ON DELETE NO ACTION ON UPDATE NO ACTION,
  ADD CONSTRAINT `fk_correlatividad_materia2` FOREIGN KEY (`materia_id_correlativa`) REFERENCES `materia` (`id`) ON DELETE NO ACTION ON UPDATE NO ACTION;

--
-- Filtros para la tabla `cursada`
--
ALTER TABLE `cursada`
  ADD CONSTRAINT `fk_cursada_alumno1` FOREIGN KEY (`alumno_id`) REFERENCES `alumno` (`id`) ON DELETE NO ACTION ON UPDATE NO ACTION,
  ADD CONSTRAINT `fk_cursada_condicion1` FOREIGN KEY (`condicion_id`) REFERENCES `condicion` (`id`) ON DELETE NO ACTION ON UPDATE NO ACTION,
  ADD CONSTRAINT `fk_cursada_materia1` FOREIGN KEY (`materia_id`) REFERENCES `materia` (`id`) ON DELETE NO ACTION ON UPDATE NO ACTION;

--
-- Filtros para la tabla `docente`
--
ALTER TABLE `docente`
  ADD CONSTRAINT `fk_docente_localidad1` FOREIGN KEY (`localidad_id`) REFERENCES `localidad` (`id`) ON DELETE NO ACTION ON UPDATE NO ACTION,
  ADD CONSTRAINT `fk_docente_localidad2` FOREIGN KEY (`lugar_nacimiento_id`) REFERENCES `localidad` (`id`) ON DELETE NO ACTION ON UPDATE NO ACTION,
  ADD CONSTRAINT `fk_docente_sede1` FOREIGN KEY (`sede_id`) REFERENCES `sede` (`id`) ON DELETE NO ACTION ON UPDATE NO ACTION;

--
-- Filtros para la tabla `inscripcion`
--
ALTER TABLE `inscripcion`
  ADD CONSTRAINT `fk_inscripcion_alumno1` FOREIGN KEY (`alumno_id`) REFERENCES `alumno` (`id`) ON DELETE NO ACTION ON UPDATE NO ACTION,
  ADD CONSTRAINT `fk_inscripcion_carrera1` FOREIGN KEY (`carrera_id`) REFERENCES `carrera` (`id`) ON DELETE NO ACTION ON UPDATE NO ACTION;

--
-- Filtros para la tabla `inscripcion_examen`
--
ALTER TABLE `inscripcion_examen`
  ADD CONSTRAINT `fk_inscripcion_examen_alumno1` FOREIGN KEY (`alumno_id`) REFERENCES `alumno` (`id`) ON DELETE NO ACTION ON UPDATE NO ACTION,
  ADD CONSTRAINT `fk_inscripcion_examen_condicion1` FOREIGN KEY (`condicion_id`) REFERENCES `condicion` (`id`) ON DELETE NO ACTION ON UPDATE NO ACTION,
  ADD CONSTRAINT `fk_inscripcion_examen_materia1` FOREIGN KEY (`materia_id`) REFERENCES `materia` (`id`) ON DELETE NO ACTION ON UPDATE NO ACTION;

--
-- Filtros para la tabla `materia`
--
ALTER TABLE `materia`
  ADD CONSTRAINT `fk_materia_carrera1` FOREIGN KEY (`carrera_id`) REFERENCES `carrera` (`id`) ON DELETE NO ACTION ON UPDATE NO ACTION,
  ADD CONSTRAINT `fk_materia_condicion1` FOREIGN KEY (`condicion_id`) REFERENCES `condicion` (`id`) ON DELETE NO ACTION ON UPDATE NO ACTION;

--
-- Filtros para la tabla `materia_asignada`
--
ALTER TABLE `materia_asignada`
  ADD CONSTRAINT `fk_materia_asignada_docente1` FOREIGN KEY (`docente_id`) REFERENCES `docente` (`id`) ON DELETE NO ACTION ON UPDATE NO ACTION,
  ADD CONSTRAINT `fk_materia_asignada_materia1` FOREIGN KEY (`materia_id`) REFERENCES `materia` (`id`) ON DELETE NO ACTION ON UPDATE NO ACTION;

--
-- Filtros para la tabla `menu`
--
ALTER TABLE `menu`
  ADD CONSTRAINT `menu_ibfk_1` FOREIGN KEY (`parent`) REFERENCES `menu` (`id`) ON DELETE SET NULL ON UPDATE CASCADE;

--
-- Filtros para la tabla `pedidos`
--
ALTER TABLE `pedidos`
  ADD CONSTRAINT `fk_pedidos_alumno1` FOREIGN KEY (`alumno_id`) REFERENCES `alumno` (`id`) ON DELETE NO ACTION ON UPDATE NO ACTION,
  ADD CONSTRAINT `fk_pedidos_carrera1` FOREIGN KEY (`carrera_id`) REFERENCES `carrera` (`id`) ON DELETE NO ACTION ON UPDATE NO ACTION;

--
-- Filtros para la tabla `reinscripcion`
--
ALTER TABLE `reinscripcion`
  ADD CONSTRAINT `fk_reinscripcion_alumno1` FOREIGN KEY (`alumno_id`) REFERENCES `alumno` (`id`) ON DELETE NO ACTION ON UPDATE NO ACTION,
  ADD CONSTRAINT `fk_reinscripcion_carrera1` FOREIGN KEY (`carrera_id`) REFERENCES `carrera` (`id`) ON DELETE NO ACTION ON UPDATE NO ACTION;

--
-- Filtros para la tabla `titulo_docente`
--
ALTER TABLE `titulo_docente`
  ADD CONSTRAINT `fk_titulo_docente_docente1` FOREIGN KEY (`docente_id`) REFERENCES `docente` (`id`) ON DELETE NO ACTION ON UPDATE NO ACTION,
  ADD CONSTRAINT `fk_titulo_docente_titulo1` FOREIGN KEY (`titulo_id`) REFERENCES `titulo` (`id`) ON DELETE NO ACTION ON UPDATE NO ACTION;

--
-- Filtros para la tabla `usuario_sede`
--
ALTER TABLE `usuario_sede`
  ADD CONSTRAINT `fk_usuario_sede_sede1` FOREIGN KEY (`sede_id`) REFERENCES `sede` (`id`) ON DELETE NO ACTION ON UPDATE NO ACTION,
  ADD CONSTRAINT `fk_usuario_sede_user1` FOREIGN KEY (`user_id`) REFERENCES `user` (`id`) ON DELETE NO ACTION ON UPDATE NO ACTION;

/*!40101 SET CHARACTER_SET_CLIENT=@OLD_CHARACTER_SET_CLIENT */;
/*!40101 SET CHARACTER_SET_RESULTS=@OLD_CHARACTER_SET_RESULTS */;
/*!40101 SET COLLATION_CONNECTION=@OLD_COLLATION_CONNECTION */;
